dataset_key,dataset_name,model_key,model_name,fold,feature,mean_abs_shap,rank
dataset1,Personal Key Indicators of Heart Disease (2022),adaboost,AdaBoost,1,HadAngina,0.03442611508842338,1
dataset1,Personal Key Indicators of Heart Disease (2022),adaboost,AdaBoost,1,ChestScan,0.02810121392712694,2
dataset1,Personal Key Indicators of Heart Disease (2022),adaboost,AdaBoost,1,RemovedTeeth_None_of_them,0.01887384828251437,3
dataset1,Personal Key Indicators of Heart Disease (2022),adaboost,AdaBoost,1,Sex,0.011173929376560265,4
dataset1,Personal Key Indicators of Heart Disease (2022),adaboost,AdaBoost,1,DifficultyWalking,0.009244711325862449,5
dataset1,Personal Key Indicators of Heart Disease (2022),adaboost,AdaBoost,1,HadArthritis,0.009112169636995947,6
dataset1,Personal Key Indicators of Heart Disease (2022),adaboost,AdaBoost,1,GeneralHealth_Excellent,0.007931982747686715,7
dataset1,Personal Key Indicators of Heart Disease (2022),adaboost,AdaBoost,1,HadStroke,0.006212108724569165,8
dataset1,Personal Key Indicators of Heart Disease (2022),adaboost,AdaBoost,1,HadDiabetes_Yes,0.005660451995422287,9
dataset1,Personal Key Indicators of Heart Disease (2022),adaboost,AdaBoost,1,GeneralHealth_Very_good,0.0046207127258298016,10
dataset1,Personal Key Indicators of Heart Disease (2022),adaboost,AdaBoost,1,AgeCategory_Age_80_or_older,0.004523770071811065,11
dataset1,Personal Key Indicators of Heart Disease (2022),adaboost,AdaBoost,1,SmokerStatus_Never_smoked,0.0027017149042766336,12
dataset1,Personal Key Indicators of Heart Disease (2022),adaboost,AdaBoost,1,AgeCategory_Age_18_to_24,0.002142711761375967,13
dataset1,Personal Key Indicators of Heart Disease (2022),adaboost,AdaBoost,1,HadCOPD,0.0020264990022205885,14
dataset1,Personal Key Indicators of Heart Disease (2022),adaboost,AdaBoost,1,RemovedTeeth_All,0.0019118843901486716,15
dataset1,Personal Key Indicators of Heart Disease (2022),adaboost,AdaBoost,1,AgeCategory_Age_25_to_29,0.001304107998858368,16
dataset1,Personal Key Indicators of Heart Disease (2022),adaboost,AdaBoost,1,GeneralHealth_Fair,0.0009584641589057959,17
dataset1,Personal Key Indicators of Heart Disease (2022),adaboost,AdaBoost,1,GeneralHealth_Poor,0.0007906780250773816,18
dataset1,Personal Key Indicators of Heart Disease (2022),adaboost,AdaBoost,1,AgeCategory_Age_30_to_34,0.0006223717292782984,19
dataset1,Personal Key Indicators of Heart Disease (2022),adaboost,AdaBoost,1,PhysicalHealthDays,0.0,20
dataset1,Personal Key Indicators of Heart Disease (2022),adaboost,AdaBoost,1,MentalHealthDays,0.0,21
dataset1,Personal Key Indicators of Heart Disease (2022),adaboost,AdaBoost,1,SleepHours,0.0,22
dataset1,Personal Key Indicators of Heart Disease (2022),adaboost,AdaBoost,1,HeightInMeters,0.0,23
dataset1,Personal Key Indicators of Heart Disease (2022),adaboost,AdaBoost,1,WeightInKilograms,0.0,24
dataset1,Personal Key Indicators of Heart Disease (2022),adaboost,AdaBoost,1,BMI,0.0,25
dataset1,Personal Key Indicators of Heart Disease (2022),adaboost,AdaBoost,1,PhysicalActivities,0.0,26
dataset1,Personal Key Indicators of Heart Disease (2022),adaboost,AdaBoost,1,HadAsthma,0.0,27
dataset1,Personal Key Indicators of Heart Disease (2022),adaboost,AdaBoost,1,HadSkinCancer,0.0,28
dataset1,Personal Key Indicators of Heart Disease (2022),adaboost,AdaBoost,1,HadDepressiveDisorder,0.0,29
dataset1,Personal Key Indicators of Heart Disease (2022),adaboost,AdaBoost,1,HadKidneyDisease,0.0,30
dataset1,Personal Key Indicators of Heart Disease (2022),adaboost,AdaBoost,1,DeafOrHardOfHearing,0.0,31
dataset1,Personal Key Indicators of Heart Disease (2022),adaboost,AdaBoost,1,BlindOrVisionDifficulty,0.0,32
dataset1,Personal Key Indicators of Heart Disease (2022),adaboost,AdaBoost,1,DifficultyConcentrating,0.0,33
dataset1,Personal Key Indicators of Heart Disease (2022),adaboost,AdaBoost,1,DifficultyDressingBathing,0.0,34
dataset1,Personal Key Indicators of Heart Disease (2022),adaboost,AdaBoost,1,DifficultyErrands,0.0,35
dataset1,Personal Key Indicators of Heart Disease (2022),adaboost,AdaBoost,1,AlcoholDrinkers,0.0,36
dataset1,Personal Key Indicators of Heart Disease (2022),adaboost,AdaBoost,1,HIVTesting,0.0,37
dataset1,Personal Key Indicators of Heart Disease (2022),adaboost,AdaBoost,1,FluVaxLast12,0.0,38
dataset1,Personal Key Indicators of Heart Disease (2022),adaboost,AdaBoost,1,PneumoVaxEver,0.0,39
dataset1,Personal Key Indicators of Heart Disease (2022),adaboost,AdaBoost,1,HighRiskLastYear,0.0,40
dataset1,Personal Key Indicators of Heart Disease (2022),adaboost,AdaBoost,1,State_Alabama,0.0,41
dataset1,Personal Key Indicators of Heart Disease (2022),adaboost,AdaBoost,1,State_Alaska,0.0,42
dataset1,Personal Key Indicators of Heart Disease (2022),adaboost,AdaBoost,1,State_Arizona,0.0,43
dataset1,Personal Key Indicators of Heart Disease (2022),adaboost,AdaBoost,1,State_Arkansas,0.0,44
dataset1,Personal Key Indicators of Heart Disease (2022),adaboost,AdaBoost,1,State_California,0.0,45
dataset1,Personal Key Indicators of Heart Disease (2022),adaboost,AdaBoost,1,State_Colorado,0.0,46
dataset1,Personal Key Indicators of Heart Disease (2022),adaboost,AdaBoost,1,State_Connecticut,0.0,47
dataset1,Personal Key Indicators of Heart Disease (2022),adaboost,AdaBoost,1,State_Delaware,0.0,48
dataset1,Personal Key Indicators of Heart Disease (2022),adaboost,AdaBoost,1,State_District_of_Columbia,0.0,49
dataset1,Personal Key Indicators of Heart Disease (2022),adaboost,AdaBoost,1,State_Florida,0.0,50
dataset1,Personal Key Indicators of Heart Disease (2022),adaboost,AdaBoost,1,State_Georgia,0.0,51
dataset1,Personal Key Indicators of Heart Disease (2022),adaboost,AdaBoost,1,State_Guam,0.0,52
dataset1,Personal Key Indicators of Heart Disease (2022),adaboost,AdaBoost,1,State_Hawaii,0.0,53
dataset1,Personal Key Indicators of Heart Disease (2022),adaboost,AdaBoost,1,State_Idaho,0.0,54
dataset1,Personal Key Indicators of Heart Disease (2022),adaboost,AdaBoost,1,State_Illinois,0.0,55
dataset1,Personal Key Indicators of Heart Disease (2022),adaboost,AdaBoost,1,State_Indiana,0.0,56
dataset1,Personal Key Indicators of Heart Disease (2022),adaboost,AdaBoost,1,State_Iowa,0.0,57
dataset1,Personal Key Indicators of Heart Disease (2022),adaboost,AdaBoost,1,State_Kansas,0.0,58
dataset1,Personal Key Indicators of Heart Disease (2022),adaboost,AdaBoost,1,State_Kentucky,0.0,59
dataset1,Personal Key Indicators of Heart Disease (2022),adaboost,AdaBoost,1,State_Louisiana,0.0,60
dataset1,Personal Key Indicators of Heart Disease (2022),adaboost,AdaBoost,1,State_Maine,0.0,61
dataset1,Personal Key Indicators of Heart Disease (2022),adaboost,AdaBoost,1,State_Maryland,0.0,62
dataset1,Personal Key Indicators of Heart Disease (2022),adaboost,AdaBoost,1,State_Massachusetts,0.0,63
dataset1,Personal Key Indicators of Heart Disease (2022),adaboost,AdaBoost,1,State_Michigan,0.0,64
dataset1,Personal Key Indicators of Heart Disease (2022),adaboost,AdaBoost,1,State_Minnesota,0.0,65
dataset1,Personal Key Indicators of Heart Disease (2022),adaboost,AdaBoost,1,State_Mississippi,0.0,66
dataset1,Personal Key Indicators of Heart Disease (2022),adaboost,AdaBoost,1,State_Missouri,0.0,67
dataset1,Personal Key Indicators of Heart Disease (2022),adaboost,AdaBoost,1,State_Montana,0.0,68
dataset1,Personal Key Indicators of Heart Disease (2022),adaboost,AdaBoost,1,State_Nebraska,0.0,69
dataset1,Personal Key Indicators of Heart Disease (2022),adaboost,AdaBoost,1,State_Nevada,0.0,70
dataset1,Personal Key Indicators of Heart Disease (2022),adaboost,AdaBoost,1,State_New_Hampshire,0.0,71
dataset1,Personal Key Indicators of Heart Disease (2022),adaboost,AdaBoost,1,State_New_Jersey,0.0,72
dataset1,Personal Key Indicators of Heart Disease (2022),adaboost,AdaBoost,1,State_New_Mexico,0.0,73
dataset1,Personal Key Indicators of Heart Disease (2022),adaboost,AdaBoost,1,State_New_York,0.0,74
dataset1,Personal Key Indicators of Heart Disease (2022),adaboost,AdaBoost,1,State_North_Carolina,0.0,75
dataset1,Personal Key Indicators of Heart Disease (2022),adaboost,AdaBoost,1,State_North_Dakota,0.0,76
dataset1,Personal Key Indicators of Heart Disease (2022),adaboost,AdaBoost,1,State_Ohio,0.0,77
dataset1,Personal Key Indicators of Heart Disease (2022),adaboost,AdaBoost,1,State_Oklahoma,0.0,78
dataset1,Personal Key Indicators of Heart Disease (2022),adaboost,AdaBoost,1,State_Oregon,0.0,79
dataset1,Personal Key Indicators of Heart Disease (2022),adaboost,AdaBoost,1,State_Pennsylvania,0.0,80
dataset1,Personal Key Indicators of Heart Disease (2022),adaboost,AdaBoost,1,State_Puerto_Rico,0.0,81
dataset1,Personal Key Indicators of Heart Disease (2022),adaboost,AdaBoost,1,State_Rhode_Island,0.0,82
dataset1,Personal Key Indicators of Heart Disease (2022),adaboost,AdaBoost,1,State_South_Carolina,0.0,83
dataset1,Personal Key Indicators of Heart Disease (2022),adaboost,AdaBoost,1,State_South_Dakota,0.0,84
dataset1,Personal Key Indicators of Heart Disease (2022),adaboost,AdaBoost,1,State_Tennessee,0.0,85
dataset1,Personal Key Indicators of Heart Disease (2022),adaboost,AdaBoost,1,State_Texas,0.0,86
dataset1,Personal Key Indicators of Heart Disease (2022),adaboost,AdaBoost,1,State_Utah,0.0,87
dataset1,Personal Key Indicators of Heart Disease (2022),adaboost,AdaBoost,1,State_Vermont,0.0,88
dataset1,Personal Key Indicators of Heart Disease (2022),adaboost,AdaBoost,1,State_Virgin_Islands,0.0,89
dataset1,Personal Key Indicators of Heart Disease (2022),adaboost,AdaBoost,1,State_Virginia,0.0,90
dataset1,Personal Key Indicators of Heart Disease (2022),adaboost,AdaBoost,1,State_Washington,0.0,91
dataset1,Personal Key Indicators of Heart Disease (2022),adaboost,AdaBoost,1,State_West_Virginia,0.0,92
dataset1,Personal Key Indicators of Heart Disease (2022),adaboost,AdaBoost,1,State_Wisconsin,0.0,93
dataset1,Personal Key Indicators of Heart Disease (2022),adaboost,AdaBoost,1,State_Wyoming,0.0,94
dataset1,Personal Key Indicators of Heart Disease (2022),adaboost,AdaBoost,1,GeneralHealth_Good,0.0,95
dataset1,Personal Key Indicators of Heart Disease (2022),adaboost,AdaBoost,1,LastCheckupTime_5_or_more_years_ago,0.0,96
dataset1,Personal Key Indicators of Heart Disease (2022),adaboost,AdaBoost,1,LastCheckupTime_Within_past_2_years_1_year_but_less_than_2_years_ago_,0.0,97
dataset1,Personal Key Indicators of Heart Disease (2022),adaboost,AdaBoost,1,LastCheckupTime_Within_past_5_years_2_years_but_less_than_5_years_ago_,0.0,98
dataset1,Personal Key Indicators of Heart Disease (2022),adaboost,AdaBoost,1,LastCheckupTime_Within_past_year_anytime_less_than_12_months_ago_,0.0,99
dataset1,Personal Key Indicators of Heart Disease (2022),adaboost,AdaBoost,1,RemovedTeeth_1_to_5,0.0,100
dataset1,Personal Key Indicators of Heart Disease (2022),adaboost,AdaBoost,1,RemovedTeeth_6_or_more_but_not_all,0.0,101
dataset1,Personal Key Indicators of Heart Disease (2022),adaboost,AdaBoost,1,HadDiabetes_No,0.0,102
dataset1,Personal Key Indicators of Heart Disease (2022),adaboost,AdaBoost,1,HadDiabetes_No_pre_diabetes_or_borderline_diabetes,0.0,103
dataset1,Personal Key Indicators of Heart Disease (2022),adaboost,AdaBoost,1,HadDiabetes_Yes_but_only_during_pregnancy_female_,0.0,104
dataset1,Personal Key Indicators of Heart Disease (2022),adaboost,AdaBoost,1,SmokerStatus_Current_smoker_now_smokes_every_day,0.0,105
dataset1,Personal Key Indicators of Heart Disease (2022),adaboost,AdaBoost,1,SmokerStatus_Current_smoker_now_smokes_some_days,0.0,106
dataset1,Personal Key Indicators of Heart Disease (2022),adaboost,AdaBoost,1,SmokerStatus_Former_smoker,0.0,107
dataset1,Personal Key Indicators of Heart Disease (2022),adaboost,AdaBoost,1,ECigaretteUsage_Never_used_e_cigarettes_in_my_entire_life,0.0,108
dataset1,Personal Key Indicators of Heart Disease (2022),adaboost,AdaBoost,1,ECigaretteUsage_Not_at_all_right_now_,0.0,109
dataset1,Personal Key Indicators of Heart Disease (2022),adaboost,AdaBoost,1,ECigaretteUsage_Use_them_every_day,0.0,110
dataset1,Personal Key Indicators of Heart Disease (2022),adaboost,AdaBoost,1,ECigaretteUsage_Use_them_some_days,0.0,111
dataset1,Personal Key Indicators of Heart Disease (2022),adaboost,AdaBoost,1,RaceEthnicityCategory_Black_only_Non_Hispanic,0.0,112
dataset1,Personal Key Indicators of Heart Disease (2022),adaboost,AdaBoost,1,RaceEthnicityCategory_Hispanic,0.0,113
dataset1,Personal Key Indicators of Heart Disease (2022),adaboost,AdaBoost,1,RaceEthnicityCategory_Multiracial_Non_Hispanic,0.0,114
dataset1,Personal Key Indicators of Heart Disease (2022),adaboost,AdaBoost,1,RaceEthnicityCategory_Other_race_only_Non_Hispanic,0.0,115
dataset1,Personal Key Indicators of Heart Disease (2022),adaboost,AdaBoost,1,RaceEthnicityCategory_White_only_Non_Hispanic,0.0,116
dataset1,Personal Key Indicators of Heart Disease (2022),adaboost,AdaBoost,1,AgeCategory_Age_35_to_39,0.0,117
dataset1,Personal Key Indicators of Heart Disease (2022),adaboost,AdaBoost,1,AgeCategory_Age_40_to_44,0.0,118
dataset1,Personal Key Indicators of Heart Disease (2022),adaboost,AdaBoost,1,AgeCategory_Age_45_to_49,0.0,119
dataset1,Personal Key Indicators of Heart Disease (2022),adaboost,AdaBoost,1,AgeCategory_Age_50_to_54,0.0,120
dataset1,Personal Key Indicators of Heart Disease (2022),adaboost,AdaBoost,1,AgeCategory_Age_55_to_59,0.0,121
dataset1,Personal Key Indicators of Heart Disease (2022),adaboost,AdaBoost,1,AgeCategory_Age_60_to_64,0.0,122
dataset1,Personal Key Indicators of Heart Disease (2022),adaboost,AdaBoost,1,AgeCategory_Age_65_to_69,0.0,123
dataset1,Personal Key Indicators of Heart Disease (2022),adaboost,AdaBoost,1,AgeCategory_Age_70_to_74,0.0,124
dataset1,Personal Key Indicators of Heart Disease (2022),adaboost,AdaBoost,1,AgeCategory_Age_75_to_79,0.0,125
dataset1,Personal Key Indicators of Heart Disease (2022),adaboost,AdaBoost,1,TetanusLast10Tdap_No_did_not_receive_any_tetanus_shot_in_the_past_10_years,0.0,126
dataset1,Personal Key Indicators of Heart Disease (2022),adaboost,AdaBoost,1,TetanusLast10Tdap_Yes_received_Tdap,0.0,127
dataset1,Personal Key Indicators of Heart Disease (2022),adaboost,AdaBoost,1,TetanusLast10Tdap_Yes_received_tetanus_shot_but_not_sure_what_type,0.0,128
dataset1,Personal Key Indicators of Heart Disease (2022),adaboost,AdaBoost,1,TetanusLast10Tdap_Yes_received_tetanus_shot_but_not_Tdap,0.0,129
dataset1,Personal Key Indicators of Heart Disease (2022),adaboost,AdaBoost,1,CovidPos_No,0.0,130
dataset1,Personal Key Indicators of Heart Disease (2022),adaboost,AdaBoost,1,CovidPos_Tested_positive_using_home_test_without_a_health_professional,0.0,131
dataset1,Personal Key Indicators of Heart Disease (2022),adaboost,AdaBoost,2,HadAngina,0.02868064337405118,1
dataset1,Personal Key Indicators of Heart Disease (2022),adaboost,AdaBoost,2,ChestScan,0.02748450776256774,2
dataset1,Personal Key Indicators of Heart Disease (2022),adaboost,AdaBoost,2,RemovedTeeth_None_of_them,0.018450483939073968,3
dataset1,Personal Key Indicators of Heart Disease (2022),adaboost,AdaBoost,2,Sex,0.011111030696928106,4
dataset1,Personal Key Indicators of Heart Disease (2022),adaboost,AdaBoost,2,HadDiabetes_Yes,0.0101296065668694,5
dataset1,Personal Key Indicators of Heart Disease (2022),adaboost,AdaBoost,2,GeneralHealth_Excellent,0.009259483290792712,6
dataset1,Personal Key Indicators of Heart Disease (2022),adaboost,AdaBoost,2,HadArthritis,0.008890996953553238,7
dataset1,Personal Key Indicators of Heart Disease (2022),adaboost,AdaBoost,2,DifficultyWalking,0.008362980711266729,8
dataset1,Personal Key Indicators of Heart Disease (2022),adaboost,AdaBoost,2,GeneralHealth_Very_good,0.007193730587643123,9
dataset1,Personal Key Indicators of Heart Disease (2022),adaboost,AdaBoost,2,HadStroke,0.004571924635413217,10
dataset1,Personal Key Indicators of Heart Disease (2022),adaboost,AdaBoost,2,AgeCategory_Age_80_or_older,0.0037033788523522316,11
dataset1,Personal Key Indicators of Heart Disease (2022),adaboost,AdaBoost,2,AgeCategory_Age_18_to_24,0.003350053063772636,12
dataset1,Personal Key Indicators of Heart Disease (2022),adaboost,AdaBoost,2,SmokerStatus_Never_smoked,0.0022548555019004705,13
dataset1,Personal Key Indicators of Heart Disease (2022),adaboost,AdaBoost,2,HadCOPD,0.001958797677550321,14
dataset1,Personal Key Indicators of Heart Disease (2022),adaboost,AdaBoost,2,AgeCategory_Age_30_to_34,0.001581145720873252,15
dataset1,Personal Key Indicators of Heart Disease (2022),adaboost,AdaBoost,2,HadDiabetes_No,0.0014037276148044725,16
dataset1,Personal Key Indicators of Heart Disease (2022),adaboost,AdaBoost,2,LastCheckupTime_Within_past_year_anytime_less_than_12_months_ago_,0.0010147891852081165,17
dataset1,Personal Key Indicators of Heart Disease (2022),adaboost,AdaBoost,2,AgeCategory_Age_25_to_29,0.0009223561157259069,18
dataset1,Personal Key Indicators of Heart Disease (2022),adaboost,AdaBoost,2,RemovedTeeth_All,0.0007065480224801594,19
dataset1,Personal Key Indicators of Heart Disease (2022),adaboost,AdaBoost,2,PhysicalHealthDays,0.0,20
dataset1,Personal Key Indicators of Heart Disease (2022),adaboost,AdaBoost,2,MentalHealthDays,0.0,21
dataset1,Personal Key Indicators of Heart Disease (2022),adaboost,AdaBoost,2,SleepHours,0.0,22
dataset1,Personal Key Indicators of Heart Disease (2022),adaboost,AdaBoost,2,HeightInMeters,0.0,23
dataset1,Personal Key Indicators of Heart Disease (2022),adaboost,AdaBoost,2,WeightInKilograms,0.0,24
dataset1,Personal Key Indicators of Heart Disease (2022),adaboost,AdaBoost,2,BMI,0.0,25
dataset1,Personal Key Indicators of Heart Disease (2022),adaboost,AdaBoost,2,PhysicalActivities,0.0,26
dataset1,Personal Key Indicators of Heart Disease (2022),adaboost,AdaBoost,2,HadAsthma,0.0,27
dataset1,Personal Key Indicators of Heart Disease (2022),adaboost,AdaBoost,2,HadSkinCancer,0.0,28
dataset1,Personal Key Indicators of Heart Disease (2022),adaboost,AdaBoost,2,HadDepressiveDisorder,0.0,29
dataset1,Personal Key Indicators of Heart Disease (2022),adaboost,AdaBoost,2,HadKidneyDisease,0.0,30
dataset1,Personal Key Indicators of Heart Disease (2022),adaboost,AdaBoost,2,DeafOrHardOfHearing,0.0,31
dataset1,Personal Key Indicators of Heart Disease (2022),adaboost,AdaBoost,2,BlindOrVisionDifficulty,0.0,32
dataset1,Personal Key Indicators of Heart Disease (2022),adaboost,AdaBoost,2,DifficultyConcentrating,0.0,33
dataset1,Personal Key Indicators of Heart Disease (2022),adaboost,AdaBoost,2,DifficultyDressingBathing,0.0,34
dataset1,Personal Key Indicators of Heart Disease (2022),adaboost,AdaBoost,2,DifficultyErrands,0.0,35
dataset1,Personal Key Indicators of Heart Disease (2022),adaboost,AdaBoost,2,AlcoholDrinkers,0.0,36
dataset1,Personal Key Indicators of Heart Disease (2022),adaboost,AdaBoost,2,HIVTesting,0.0,37
dataset1,Personal Key Indicators of Heart Disease (2022),adaboost,AdaBoost,2,FluVaxLast12,0.0,38
dataset1,Personal Key Indicators of Heart Disease (2022),adaboost,AdaBoost,2,PneumoVaxEver,0.0,39
dataset1,Personal Key Indicators of Heart Disease (2022),adaboost,AdaBoost,2,HighRiskLastYear,0.0,40
dataset1,Personal Key Indicators of Heart Disease (2022),adaboost,AdaBoost,2,State_Alabama,0.0,41
dataset1,Personal Key Indicators of Heart Disease (2022),adaboost,AdaBoost,2,State_Alaska,0.0,42
dataset1,Personal Key Indicators of Heart Disease (2022),adaboost,AdaBoost,2,State_Arizona,0.0,43
dataset1,Personal Key Indicators of Heart Disease (2022),adaboost,AdaBoost,2,State_Arkansas,0.0,44
dataset1,Personal Key Indicators of Heart Disease (2022),adaboost,AdaBoost,2,State_California,0.0,45
dataset1,Personal Key Indicators of Heart Disease (2022),adaboost,AdaBoost,2,State_Colorado,0.0,46
dataset1,Personal Key Indicators of Heart Disease (2022),adaboost,AdaBoost,2,State_Connecticut,0.0,47
dataset1,Personal Key Indicators of Heart Disease (2022),adaboost,AdaBoost,2,State_Delaware,0.0,48
dataset1,Personal Key Indicators of Heart Disease (2022),adaboost,AdaBoost,2,State_District_of_Columbia,0.0,49
dataset1,Personal Key Indicators of Heart Disease (2022),adaboost,AdaBoost,2,State_Florida,0.0,50
dataset1,Personal Key Indicators of Heart Disease (2022),adaboost,AdaBoost,2,State_Georgia,0.0,51
dataset1,Personal Key Indicators of Heart Disease (2022),adaboost,AdaBoost,2,State_Guam,0.0,52
dataset1,Personal Key Indicators of Heart Disease (2022),adaboost,AdaBoost,2,State_Hawaii,0.0,53
dataset1,Personal Key Indicators of Heart Disease (2022),adaboost,AdaBoost,2,State_Idaho,0.0,54
dataset1,Personal Key Indicators of Heart Disease (2022),adaboost,AdaBoost,2,State_Illinois,0.0,55
dataset1,Personal Key Indicators of Heart Disease (2022),adaboost,AdaBoost,2,State_Indiana,0.0,56
dataset1,Personal Key Indicators of Heart Disease (2022),adaboost,AdaBoost,2,State_Iowa,0.0,57
dataset1,Personal Key Indicators of Heart Disease (2022),adaboost,AdaBoost,2,State_Kansas,0.0,58
dataset1,Personal Key Indicators of Heart Disease (2022),adaboost,AdaBoost,2,State_Kentucky,0.0,59
dataset1,Personal Key Indicators of Heart Disease (2022),adaboost,AdaBoost,2,State_Louisiana,0.0,60
dataset1,Personal Key Indicators of Heart Disease (2022),adaboost,AdaBoost,2,State_Maine,0.0,61
dataset1,Personal Key Indicators of Heart Disease (2022),adaboost,AdaBoost,2,State_Maryland,0.0,62
dataset1,Personal Key Indicators of Heart Disease (2022),adaboost,AdaBoost,2,State_Massachusetts,0.0,63
dataset1,Personal Key Indicators of Heart Disease (2022),adaboost,AdaBoost,2,State_Michigan,0.0,64
dataset1,Personal Key Indicators of Heart Disease (2022),adaboost,AdaBoost,2,State_Minnesota,0.0,65
dataset1,Personal Key Indicators of Heart Disease (2022),adaboost,AdaBoost,2,State_Mississippi,0.0,66
dataset1,Personal Key Indicators of Heart Disease (2022),adaboost,AdaBoost,2,State_Missouri,0.0,67
dataset1,Personal Key Indicators of Heart Disease (2022),adaboost,AdaBoost,2,State_Montana,0.0,68
dataset1,Personal Key Indicators of Heart Disease (2022),adaboost,AdaBoost,2,State_Nebraska,0.0,69
dataset1,Personal Key Indicators of Heart Disease (2022),adaboost,AdaBoost,2,State_Nevada,0.0,70
dataset1,Personal Key Indicators of Heart Disease (2022),adaboost,AdaBoost,2,State_New_Hampshire,0.0,71
dataset1,Personal Key Indicators of Heart Disease (2022),adaboost,AdaBoost,2,State_New_Jersey,0.0,72
dataset1,Personal Key Indicators of Heart Disease (2022),adaboost,AdaBoost,2,State_New_Mexico,0.0,73
dataset1,Personal Key Indicators of Heart Disease (2022),adaboost,AdaBoost,2,State_New_York,0.0,74
dataset1,Personal Key Indicators of Heart Disease (2022),adaboost,AdaBoost,2,State_North_Carolina,0.0,75
dataset1,Personal Key Indicators of Heart Disease (2022),adaboost,AdaBoost,2,State_North_Dakota,0.0,76
dataset1,Personal Key Indicators of Heart Disease (2022),adaboost,AdaBoost,2,State_Ohio,0.0,77
dataset1,Personal Key Indicators of Heart Disease (2022),adaboost,AdaBoost,2,State_Oklahoma,0.0,78
dataset1,Personal Key Indicators of Heart Disease (2022),adaboost,AdaBoost,2,State_Oregon,0.0,79
dataset1,Personal Key Indicators of Heart Disease (2022),adaboost,AdaBoost,2,State_Pennsylvania,0.0,80
dataset1,Personal Key Indicators of Heart Disease (2022),adaboost,AdaBoost,2,State_Puerto_Rico,0.0,81
dataset1,Personal Key Indicators of Heart Disease (2022),adaboost,AdaBoost,2,State_Rhode_Island,0.0,82
dataset1,Personal Key Indicators of Heart Disease (2022),adaboost,AdaBoost,2,State_South_Carolina,0.0,83
dataset1,Personal Key Indicators of Heart Disease (2022),adaboost,AdaBoost,2,State_South_Dakota,0.0,84
dataset1,Personal Key Indicators of Heart Disease (2022),adaboost,AdaBoost,2,State_Tennessee,0.0,85
dataset1,Personal Key Indicators of Heart Disease (2022),adaboost,AdaBoost,2,State_Texas,0.0,86
dataset1,Personal Key Indicators of Heart Disease (2022),adaboost,AdaBoost,2,State_Utah,0.0,87
dataset1,Personal Key Indicators of Heart Disease (2022),adaboost,AdaBoost,2,State_Vermont,0.0,88
dataset1,Personal Key Indicators of Heart Disease (2022),adaboost,AdaBoost,2,State_Virgin_Islands,0.0,89
dataset1,Personal Key Indicators of Heart Disease (2022),adaboost,AdaBoost,2,State_Virginia,0.0,90
dataset1,Personal Key Indicators of Heart Disease (2022),adaboost,AdaBoost,2,State_Washington,0.0,91
dataset1,Personal Key Indicators of Heart Disease (2022),adaboost,AdaBoost,2,State_West_Virginia,0.0,92
dataset1,Personal Key Indicators of Heart Disease (2022),adaboost,AdaBoost,2,State_Wisconsin,0.0,93
dataset1,Personal Key Indicators of Heart Disease (2022),adaboost,AdaBoost,2,State_Wyoming,0.0,94
dataset1,Personal Key Indicators of Heart Disease (2022),adaboost,AdaBoost,2,GeneralHealth_Fair,0.0,95
dataset1,Personal Key Indicators of Heart Disease (2022),adaboost,AdaBoost,2,GeneralHealth_Good,0.0,96
dataset1,Personal Key Indicators of Heart Disease (2022),adaboost,AdaBoost,2,GeneralHealth_Poor,0.0,97
dataset1,Personal Key Indicators of Heart Disease (2022),adaboost,AdaBoost,2,LastCheckupTime_5_or_more_years_ago,0.0,98
dataset1,Personal Key Indicators of Heart Disease (2022),adaboost,AdaBoost,2,LastCheckupTime_Within_past_2_years_1_year_but_less_than_2_years_ago_,0.0,99
dataset1,Personal Key Indicators of Heart Disease (2022),adaboost,AdaBoost,2,LastCheckupTime_Within_past_5_years_2_years_but_less_than_5_years_ago_,0.0,100
dataset1,Personal Key Indicators of Heart Disease (2022),adaboost,AdaBoost,2,RemovedTeeth_1_to_5,0.0,101
dataset1,Personal Key Indicators of Heart Disease (2022),adaboost,AdaBoost,2,RemovedTeeth_6_or_more_but_not_all,0.0,102
dataset1,Personal Key Indicators of Heart Disease (2022),adaboost,AdaBoost,2,HadDiabetes_No_pre_diabetes_or_borderline_diabetes,0.0,103
dataset1,Personal Key Indicators of Heart Disease (2022),adaboost,AdaBoost,2,HadDiabetes_Yes_but_only_during_pregnancy_female_,0.0,104
dataset1,Personal Key Indicators of Heart Disease (2022),adaboost,AdaBoost,2,SmokerStatus_Current_smoker_now_smokes_every_day,0.0,105
dataset1,Personal Key Indicators of Heart Disease (2022),adaboost,AdaBoost,2,SmokerStatus_Current_smoker_now_smokes_some_days,0.0,106
dataset1,Personal Key Indicators of Heart Disease (2022),adaboost,AdaBoost,2,SmokerStatus_Former_smoker,0.0,107
dataset1,Personal Key Indicators of Heart Disease (2022),adaboost,AdaBoost,2,ECigaretteUsage_Never_used_e_cigarettes_in_my_entire_life,0.0,108
dataset1,Personal Key Indicators of Heart Disease (2022),adaboost,AdaBoost,2,ECigaretteUsage_Not_at_all_right_now_,0.0,109
dataset1,Personal Key Indicators of Heart Disease (2022),adaboost,AdaBoost,2,ECigaretteUsage_Use_them_every_day,0.0,110
dataset1,Personal Key Indicators of Heart Disease (2022),adaboost,AdaBoost,2,ECigaretteUsage_Use_them_some_days,0.0,111
dataset1,Personal Key Indicators of Heart Disease (2022),adaboost,AdaBoost,2,RaceEthnicityCategory_Black_only_Non_Hispanic,0.0,112
dataset1,Personal Key Indicators of Heart Disease (2022),adaboost,AdaBoost,2,RaceEthnicityCategory_Hispanic,0.0,113
dataset1,Personal Key Indicators of Heart Disease (2022),adaboost,AdaBoost,2,RaceEthnicityCategory_Multiracial_Non_Hispanic,0.0,114
dataset1,Personal Key Indicators of Heart Disease (2022),adaboost,AdaBoost,2,RaceEthnicityCategory_Other_race_only_Non_Hispanic,0.0,115
dataset1,Personal Key Indicators of Heart Disease (2022),adaboost,AdaBoost,2,RaceEthnicityCategory_White_only_Non_Hispanic,0.0,116
dataset1,Personal Key Indicators of Heart Disease (2022),adaboost,AdaBoost,2,AgeCategory_Age_35_to_39,0.0,117
dataset1,Personal Key Indicators of Heart Disease (2022),adaboost,AdaBoost,2,AgeCategory_Age_40_to_44,0.0,118
dataset1,Personal Key Indicators of Heart Disease (2022),adaboost,AdaBoost,2,AgeCategory_Age_45_to_49,0.0,119
dataset1,Personal Key Indicators of Heart Disease (2022),adaboost,AdaBoost,2,AgeCategory_Age_50_to_54,0.0,120
dataset1,Personal Key Indicators of Heart Disease (2022),adaboost,AdaBoost,2,AgeCategory_Age_55_to_59,0.0,121
dataset1,Personal Key Indicators of Heart Disease (2022),adaboost,AdaBoost,2,AgeCategory_Age_60_to_64,0.0,122
dataset1,Personal Key Indicators of Heart Disease (2022),adaboost,AdaBoost,2,AgeCategory_Age_65_to_69,0.0,123
dataset1,Personal Key Indicators of Heart Disease (2022),adaboost,AdaBoost,2,AgeCategory_Age_70_to_74,0.0,124
dataset1,Personal Key Indicators of Heart Disease (2022),adaboost,AdaBoost,2,AgeCategory_Age_75_to_79,0.0,125
dataset1,Personal Key Indicators of Heart Disease (2022),adaboost,AdaBoost,2,TetanusLast10Tdap_No_did_not_receive_any_tetanus_shot_in_the_past_10_years,0.0,126
dataset1,Personal Key Indicators of Heart Disease (2022),adaboost,AdaBoost,2,TetanusLast10Tdap_Yes_received_Tdap,0.0,127
dataset1,Personal Key Indicators of Heart Disease (2022),adaboost,AdaBoost,2,TetanusLast10Tdap_Yes_received_tetanus_shot_but_not_sure_what_type,0.0,128
dataset1,Personal Key Indicators of Heart Disease (2022),adaboost,AdaBoost,2,TetanusLast10Tdap_Yes_received_tetanus_shot_but_not_Tdap,0.0,129
dataset1,Personal Key Indicators of Heart Disease (2022),adaboost,AdaBoost,2,CovidPos_No,0.0,130
dataset1,Personal Key Indicators of Heart Disease (2022),adaboost,AdaBoost,2,CovidPos_Tested_positive_using_home_test_without_a_health_professional,0.0,131
dataset1,Personal Key Indicators of Heart Disease (2022),adaboost,AdaBoost,3,HadAngina,0.030336458764612776,1
dataset1,Personal Key Indicators of Heart Disease (2022),adaboost,AdaBoost,3,ChestScan,0.029230628377072004,2
dataset1,Personal Key Indicators of Heart Disease (2022),adaboost,AdaBoost,3,RemovedTeeth_None_of_them,0.01886335274688745,3
dataset1,Personal Key Indicators of Heart Disease (2022),adaboost,AdaBoost,3,Sex,0.01106693266055725,4
dataset1,Personal Key Indicators of Heart Disease (2022),adaboost,AdaBoost,3,HadArthritis,0.008623418216022456,5
dataset1,Personal Key Indicators of Heart Disease (2022),adaboost,AdaBoost,3,GeneralHealth_Very_good,0.007654910262867052,6
dataset1,Personal Key Indicators of Heart Disease (2022),adaboost,AdaBoost,3,HadDiabetes_Yes,0.007492887982960313,7
dataset1,Personal Key Indicators of Heart Disease (2022),adaboost,AdaBoost,3,DifficultyWalking,0.0068576633525031065,8
dataset1,Personal Key Indicators of Heart Disease (2022),adaboost,AdaBoost,3,GeneralHealth_Excellent,0.0063800217118268245,9
dataset1,Personal Key Indicators of Heart Disease (2022),adaboost,AdaBoost,3,HadStroke,0.006220982013123868,10
dataset1,Personal Key Indicators of Heart Disease (2022),adaboost,AdaBoost,3,AgeCategory_Age_18_to_24,0.0029711695991250634,11
dataset1,Personal Key Indicators of Heart Disease (2022),adaboost,AdaBoost,3,AgeCategory_Age_80_or_older,0.002819694537840702,12
dataset1,Personal Key Indicators of Heart Disease (2022),adaboost,AdaBoost,3,SmokerStatus_Never_smoked,0.002457269291486968,13
dataset1,Personal Key Indicators of Heart Disease (2022),adaboost,AdaBoost,3,HadDiabetes_No,0.0022834396517441595,14
dataset1,Personal Key Indicators of Heart Disease (2022),adaboost,AdaBoost,3,HadCOPD,0.0017865169561275844,15
dataset1,Personal Key Indicators of Heart Disease (2022),adaboost,AdaBoost,3,RemovedTeeth_All,0.0015554397755589877,16
dataset1,Personal Key Indicators of Heart Disease (2022),adaboost,AdaBoost,3,AgeCategory_Age_25_to_29,0.0011652668453944095,17
dataset1,Personal Key Indicators of Heart Disease (2022),adaboost,AdaBoost,3,AgeCategory_Age_30_to_34,0.0010581504929465665,18
dataset1,Personal Key Indicators of Heart Disease (2022),adaboost,AdaBoost,3,PhysicalHealthDays,0.0009621679833819657,19
dataset1,Personal Key Indicators of Heart Disease (2022),adaboost,AdaBoost,3,GeneralHealth_Poor,0.000471690434206284,20
dataset1,Personal Key Indicators of Heart Disease (2022),adaboost,AdaBoost,3,MentalHealthDays,0.0,21
dataset1,Personal Key Indicators of Heart Disease (2022),adaboost,AdaBoost,3,SleepHours,0.0,22
dataset1,Personal Key Indicators of Heart Disease (2022),adaboost,AdaBoost,3,HeightInMeters,0.0,23
dataset1,Personal Key Indicators of Heart Disease (2022),adaboost,AdaBoost,3,WeightInKilograms,0.0,24
dataset1,Personal Key Indicators of Heart Disease (2022),adaboost,AdaBoost,3,BMI,0.0,25
dataset1,Personal Key Indicators of Heart Disease (2022),adaboost,AdaBoost,3,PhysicalActivities,0.0,26
dataset1,Personal Key Indicators of Heart Disease (2022),adaboost,AdaBoost,3,HadAsthma,0.0,27
dataset1,Personal Key Indicators of Heart Disease (2022),adaboost,AdaBoost,3,HadSkinCancer,0.0,28
dataset1,Personal Key Indicators of Heart Disease (2022),adaboost,AdaBoost,3,HadDepressiveDisorder,0.0,29
dataset1,Personal Key Indicators of Heart Disease (2022),adaboost,AdaBoost,3,HadKidneyDisease,0.0,30
dataset1,Personal Key Indicators of Heart Disease (2022),adaboost,AdaBoost,3,DeafOrHardOfHearing,0.0,31
dataset1,Personal Key Indicators of Heart Disease (2022),adaboost,AdaBoost,3,BlindOrVisionDifficulty,0.0,32
dataset1,Personal Key Indicators of Heart Disease (2022),adaboost,AdaBoost,3,DifficultyConcentrating,0.0,33
dataset1,Personal Key Indicators of Heart Disease (2022),adaboost,AdaBoost,3,DifficultyDressingBathing,0.0,34
dataset1,Personal Key Indicators of Heart Disease (2022),adaboost,AdaBoost,3,DifficultyErrands,0.0,35
dataset1,Personal Key Indicators of Heart Disease (2022),adaboost,AdaBoost,3,AlcoholDrinkers,0.0,36
dataset1,Personal Key Indicators of Heart Disease (2022),adaboost,AdaBoost,3,HIVTesting,0.0,37
dataset1,Personal Key Indicators of Heart Disease (2022),adaboost,AdaBoost,3,FluVaxLast12,0.0,38
dataset1,Personal Key Indicators of Heart Disease (2022),adaboost,AdaBoost,3,PneumoVaxEver,0.0,39
dataset1,Personal Key Indicators of Heart Disease (2022),adaboost,AdaBoost,3,HighRiskLastYear,0.0,40
dataset1,Personal Key Indicators of Heart Disease (2022),adaboost,AdaBoost,3,State_Alabama,0.0,41
dataset1,Personal Key Indicators of Heart Disease (2022),adaboost,AdaBoost,3,State_Alaska,0.0,42
dataset1,Personal Key Indicators of Heart Disease (2022),adaboost,AdaBoost,3,State_Arizona,0.0,43
dataset1,Personal Key Indicators of Heart Disease (2022),adaboost,AdaBoost,3,State_Arkansas,0.0,44
dataset1,Personal Key Indicators of Heart Disease (2022),adaboost,AdaBoost,3,State_California,0.0,45
dataset1,Personal Key Indicators of Heart Disease (2022),adaboost,AdaBoost,3,State_Colorado,0.0,46
dataset1,Personal Key Indicators of Heart Disease (2022),adaboost,AdaBoost,3,State_Connecticut,0.0,47
dataset1,Personal Key Indicators of Heart Disease (2022),adaboost,AdaBoost,3,State_Delaware,0.0,48
dataset1,Personal Key Indicators of Heart Disease (2022),adaboost,AdaBoost,3,State_District_of_Columbia,0.0,49
dataset1,Personal Key Indicators of Heart Disease (2022),adaboost,AdaBoost,3,State_Florida,0.0,50
dataset1,Personal Key Indicators of Heart Disease (2022),adaboost,AdaBoost,3,State_Georgia,0.0,51
dataset1,Personal Key Indicators of Heart Disease (2022),adaboost,AdaBoost,3,State_Guam,0.0,52
dataset1,Personal Key Indicators of Heart Disease (2022),adaboost,AdaBoost,3,State_Hawaii,0.0,53
dataset1,Personal Key Indicators of Heart Disease (2022),adaboost,AdaBoost,3,State_Idaho,0.0,54
dataset1,Personal Key Indicators of Heart Disease (2022),adaboost,AdaBoost,3,State_Illinois,0.0,55
dataset1,Personal Key Indicators of Heart Disease (2022),adaboost,AdaBoost,3,State_Indiana,0.0,56
dataset1,Personal Key Indicators of Heart Disease (2022),adaboost,AdaBoost,3,State_Iowa,0.0,57
dataset1,Personal Key Indicators of Heart Disease (2022),adaboost,AdaBoost,3,State_Kansas,0.0,58
dataset1,Personal Key Indicators of Heart Disease (2022),adaboost,AdaBoost,3,State_Kentucky,0.0,59
dataset1,Personal Key Indicators of Heart Disease (2022),adaboost,AdaBoost,3,State_Louisiana,0.0,60
dataset1,Personal Key Indicators of Heart Disease (2022),adaboost,AdaBoost,3,State_Maine,0.0,61
dataset1,Personal Key Indicators of Heart Disease (2022),adaboost,AdaBoost,3,State_Maryland,0.0,62
dataset1,Personal Key Indicators of Heart Disease (2022),adaboost,AdaBoost,3,State_Massachusetts,0.0,63
dataset1,Personal Key Indicators of Heart Disease (2022),adaboost,AdaBoost,3,State_Michigan,0.0,64
dataset1,Personal Key Indicators of Heart Disease (2022),adaboost,AdaBoost,3,State_Minnesota,0.0,65
dataset1,Personal Key Indicators of Heart Disease (2022),adaboost,AdaBoost,3,State_Mississippi,0.0,66
dataset1,Personal Key Indicators of Heart Disease (2022),adaboost,AdaBoost,3,State_Missouri,0.0,67
dataset1,Personal Key Indicators of Heart Disease (2022),adaboost,AdaBoost,3,State_Montana,0.0,68
dataset1,Personal Key Indicators of Heart Disease (2022),adaboost,AdaBoost,3,State_Nebraska,0.0,69
dataset1,Personal Key Indicators of Heart Disease (2022),adaboost,AdaBoost,3,State_Nevada,0.0,70
dataset1,Personal Key Indicators of Heart Disease (2022),adaboost,AdaBoost,3,State_New_Hampshire,0.0,71
dataset1,Personal Key Indicators of Heart Disease (2022),adaboost,AdaBoost,3,State_New_Jersey,0.0,72
dataset1,Personal Key Indicators of Heart Disease (2022),adaboost,AdaBoost,3,State_New_Mexico,0.0,73
dataset1,Personal Key Indicators of Heart Disease (2022),adaboost,AdaBoost,3,State_New_York,0.0,74
dataset1,Personal Key Indicators of Heart Disease (2022),adaboost,AdaBoost,3,State_North_Carolina,0.0,75
dataset1,Personal Key Indicators of Heart Disease (2022),adaboost,AdaBoost,3,State_North_Dakota,0.0,76
dataset1,Personal Key Indicators of Heart Disease (2022),adaboost,AdaBoost,3,State_Ohio,0.0,77
dataset1,Personal Key Indicators of Heart Disease (2022),adaboost,AdaBoost,3,State_Oklahoma,0.0,78
dataset1,Personal Key Indicators of Heart Disease (2022),adaboost,AdaBoost,3,State_Oregon,0.0,79
dataset1,Personal Key Indicators of Heart Disease (2022),adaboost,AdaBoost,3,State_Pennsylvania,0.0,80
dataset1,Personal Key Indicators of Heart Disease (2022),adaboost,AdaBoost,3,State_Puerto_Rico,0.0,81
dataset1,Personal Key Indicators of Heart Disease (2022),adaboost,AdaBoost,3,State_Rhode_Island,0.0,82
dataset1,Personal Key Indicators of Heart Disease (2022),adaboost,AdaBoost,3,State_South_Carolina,0.0,83
dataset1,Personal Key Indicators of Heart Disease (2022),adaboost,AdaBoost,3,State_South_Dakota,0.0,84
dataset1,Personal Key Indicators of Heart Disease (2022),adaboost,AdaBoost,3,State_Tennessee,0.0,85
dataset1,Personal Key Indicators of Heart Disease (2022),adaboost,AdaBoost,3,State_Texas,0.0,86
dataset1,Personal Key Indicators of Heart Disease (2022),adaboost,AdaBoost,3,State_Utah,0.0,87
dataset1,Personal Key Indicators of Heart Disease (2022),adaboost,AdaBoost,3,State_Vermont,0.0,88
dataset1,Personal Key Indicators of Heart Disease (2022),adaboost,AdaBoost,3,State_Virgin_Islands,0.0,89
dataset1,Personal Key Indicators of Heart Disease (2022),adaboost,AdaBoost,3,State_Virginia,0.0,90
dataset1,Personal Key Indicators of Heart Disease (2022),adaboost,AdaBoost,3,State_Washington,0.0,91
dataset1,Personal Key Indicators of Heart Disease (2022),adaboost,AdaBoost,3,State_West_Virginia,0.0,92
dataset1,Personal Key Indicators of Heart Disease (2022),adaboost,AdaBoost,3,State_Wisconsin,0.0,93
dataset1,Personal Key Indicators of Heart Disease (2022),adaboost,AdaBoost,3,State_Wyoming,0.0,94
dataset1,Personal Key Indicators of Heart Disease (2022),adaboost,AdaBoost,3,GeneralHealth_Fair,0.0,95
dataset1,Personal Key Indicators of Heart Disease (2022),adaboost,AdaBoost,3,GeneralHealth_Good,0.0,96
dataset1,Personal Key Indicators of Heart Disease (2022),adaboost,AdaBoost,3,LastCheckupTime_5_or_more_years_ago,0.0,97
dataset1,Personal Key Indicators of Heart Disease (2022),adaboost,AdaBoost,3,LastCheckupTime_Within_past_2_years_1_year_but_less_than_2_years_ago_,0.0,98
dataset1,Personal Key Indicators of Heart Disease (2022),adaboost,AdaBoost,3,LastCheckupTime_Within_past_5_years_2_years_but_less_than_5_years_ago_,0.0,99
dataset1,Personal Key Indicators of Heart Disease (2022),adaboost,AdaBoost,3,LastCheckupTime_Within_past_year_anytime_less_than_12_months_ago_,0.0,100
dataset1,Personal Key Indicators of Heart Disease (2022),adaboost,AdaBoost,3,RemovedTeeth_1_to_5,0.0,101
dataset1,Personal Key Indicators of Heart Disease (2022),adaboost,AdaBoost,3,RemovedTeeth_6_or_more_but_not_all,0.0,102
dataset1,Personal Key Indicators of Heart Disease (2022),adaboost,AdaBoost,3,HadDiabetes_No_pre_diabetes_or_borderline_diabetes,0.0,103
dataset1,Personal Key Indicators of Heart Disease (2022),adaboost,AdaBoost,3,HadDiabetes_Yes_but_only_during_pregnancy_female_,0.0,104
dataset1,Personal Key Indicators of Heart Disease (2022),adaboost,AdaBoost,3,SmokerStatus_Current_smoker_now_smokes_every_day,0.0,105
dataset1,Personal Key Indicators of Heart Disease (2022),adaboost,AdaBoost,3,SmokerStatus_Current_smoker_now_smokes_some_days,0.0,106
dataset1,Personal Key Indicators of Heart Disease (2022),adaboost,AdaBoost,3,SmokerStatus_Former_smoker,0.0,107
dataset1,Personal Key Indicators of Heart Disease (2022),adaboost,AdaBoost,3,ECigaretteUsage_Never_used_e_cigarettes_in_my_entire_life,0.0,108
dataset1,Personal Key Indicators of Heart Disease (2022),adaboost,AdaBoost,3,ECigaretteUsage_Not_at_all_right_now_,0.0,109
dataset1,Personal Key Indicators of Heart Disease (2022),adaboost,AdaBoost,3,ECigaretteUsage_Use_them_every_day,0.0,110
dataset1,Personal Key Indicators of Heart Disease (2022),adaboost,AdaBoost,3,ECigaretteUsage_Use_them_some_days,0.0,111
dataset1,Personal Key Indicators of Heart Disease (2022),adaboost,AdaBoost,3,RaceEthnicityCategory_Black_only_Non_Hispanic,0.0,112
dataset1,Personal Key Indicators of Heart Disease (2022),adaboost,AdaBoost,3,RaceEthnicityCategory_Hispanic,0.0,113
dataset1,Personal Key Indicators of Heart Disease (2022),adaboost,AdaBoost,3,RaceEthnicityCategory_Multiracial_Non_Hispanic,0.0,114
dataset1,Personal Key Indicators of Heart Disease (2022),adaboost,AdaBoost,3,RaceEthnicityCategory_Other_race_only_Non_Hispanic,0.0,115
dataset1,Personal Key Indicators of Heart Disease (2022),adaboost,AdaBoost,3,RaceEthnicityCategory_White_only_Non_Hispanic,0.0,116
dataset1,Personal Key Indicators of Heart Disease (2022),adaboost,AdaBoost,3,AgeCategory_Age_35_to_39,0.0,117
dataset1,Personal Key Indicators of Heart Disease (2022),adaboost,AdaBoost,3,AgeCategory_Age_40_to_44,0.0,118
dataset1,Personal Key Indicators of Heart Disease (2022),adaboost,AdaBoost,3,AgeCategory_Age_45_to_49,0.0,119
dataset1,Personal Key Indicators of Heart Disease (2022),adaboost,AdaBoost,3,AgeCategory_Age_50_to_54,0.0,120
dataset1,Personal Key Indicators of Heart Disease (2022),adaboost,AdaBoost,3,AgeCategory_Age_55_to_59,0.0,121
dataset1,Personal Key Indicators of Heart Disease (2022),adaboost,AdaBoost,3,AgeCategory_Age_60_to_64,0.0,122
dataset1,Personal Key Indicators of Heart Disease (2022),adaboost,AdaBoost,3,AgeCategory_Age_65_to_69,0.0,123
dataset1,Personal Key Indicators of Heart Disease (2022),adaboost,AdaBoost,3,AgeCategory_Age_70_to_74,0.0,124
dataset1,Personal Key Indicators of Heart Disease (2022),adaboost,AdaBoost,3,AgeCategory_Age_75_to_79,0.0,125
dataset1,Personal Key Indicators of Heart Disease (2022),adaboost,AdaBoost,3,TetanusLast10Tdap_No_did_not_receive_any_tetanus_shot_in_the_past_10_years,0.0,126
dataset1,Personal Key Indicators of Heart Disease (2022),adaboost,AdaBoost,3,TetanusLast10Tdap_Yes_received_Tdap,0.0,127
dataset1,Personal Key Indicators of Heart Disease (2022),adaboost,AdaBoost,3,TetanusLast10Tdap_Yes_received_tetanus_shot_but_not_sure_what_type,0.0,128
dataset1,Personal Key Indicators of Heart Disease (2022),adaboost,AdaBoost,3,TetanusLast10Tdap_Yes_received_tetanus_shot_but_not_Tdap,0.0,129
dataset1,Personal Key Indicators of Heart Disease (2022),adaboost,AdaBoost,3,CovidPos_No,0.0,130
dataset1,Personal Key Indicators of Heart Disease (2022),adaboost,AdaBoost,3,CovidPos_Tested_positive_using_home_test_without_a_health_professional,0.0,131
dataset1,Personal Key Indicators of Heart Disease (2022),adaboost,AdaBoost,4,ChestScan,0.02701502966556893,1
dataset1,Personal Key Indicators of Heart Disease (2022),adaboost,AdaBoost,4,HadAngina,0.025346507684467934,2
dataset1,Personal Key Indicators of Heart Disease (2022),adaboost,AdaBoost,4,RemovedTeeth_None_of_them,0.018135535163092104,3
dataset1,Personal Key Indicators of Heart Disease (2022),adaboost,AdaBoost,4,Sex,0.011245024101940313,4
dataset1,Personal Key Indicators of Heart Disease (2022),adaboost,AdaBoost,4,DifficultyWalking,0.009395834868277378,5
dataset1,Personal Key Indicators of Heart Disease (2022),adaboost,AdaBoost,4,HadArthritis,0.009256027014591441,6
dataset1,Personal Key Indicators of Heart Disease (2022),adaboost,AdaBoost,4,GeneralHealth_Excellent,0.008126937814301264,7
dataset1,Personal Key Indicators of Heart Disease (2022),adaboost,AdaBoost,4,HadDiabetes_Yes,0.006184243161632294,8
dataset1,Personal Key Indicators of Heart Disease (2022),adaboost,AdaBoost,4,GeneralHealth_Very_good,0.005496295412502472,9
dataset1,Personal Key Indicators of Heart Disease (2022),adaboost,AdaBoost,4,SmokerStatus_Never_smoked,0.004566064484631588,10
dataset1,Personal Key Indicators of Heart Disease (2022),adaboost,AdaBoost,4,HadStroke,0.004137421565429599,11
dataset1,Personal Key Indicators of Heart Disease (2022),adaboost,AdaBoost,4,AgeCategory_Age_80_or_older,0.0038993902093254268,12
dataset1,Personal Key Indicators of Heart Disease (2022),adaboost,AdaBoost,4,AgeCategory_Age_18_to_24,0.0035693369966408183,13
dataset1,Personal Key Indicators of Heart Disease (2022),adaboost,AdaBoost,4,RemovedTeeth_All,0.002140208652288124,14
dataset1,Personal Key Indicators of Heart Disease (2022),adaboost,AdaBoost,4,HadCOPD,0.002083328613052723,15
dataset1,Personal Key Indicators of Heart Disease (2022),adaboost,AdaBoost,4,HadDiabetes_No,0.001853449571769899,16
dataset1,Personal Key Indicators of Heart Disease (2022),adaboost,AdaBoost,4,AgeCategory_Age_30_to_34,0.0012387780231859422,17
dataset1,Personal Key Indicators of Heart Disease (2022),adaboost,AdaBoost,4,GeneralHealth_Fair,0.0008938687610826905,18
dataset1,Personal Key Indicators of Heart Disease (2022),adaboost,AdaBoost,4,PhysicalHealthDays,0.0008866095738959556,19
dataset1,Personal Key Indicators of Heart Disease (2022),adaboost,AdaBoost,4,AgeCategory_Age_25_to_29,0.0008530246656209646,20
dataset1,Personal Key Indicators of Heart Disease (2022),adaboost,AdaBoost,4,GeneralHealth_Poor,0.00025965020980803585,21
dataset1,Personal Key Indicators of Heart Disease (2022),adaboost,AdaBoost,4,MentalHealthDays,0.0,22
dataset1,Personal Key Indicators of Heart Disease (2022),adaboost,AdaBoost,4,SleepHours,0.0,23
dataset1,Personal Key Indicators of Heart Disease (2022),adaboost,AdaBoost,4,HeightInMeters,0.0,24
dataset1,Personal Key Indicators of Heart Disease (2022),adaboost,AdaBoost,4,WeightInKilograms,0.0,25
dataset1,Personal Key Indicators of Heart Disease (2022),adaboost,AdaBoost,4,BMI,0.0,26
dataset1,Personal Key Indicators of Heart Disease (2022),adaboost,AdaBoost,4,PhysicalActivities,0.0,27
dataset1,Personal Key Indicators of Heart Disease (2022),adaboost,AdaBoost,4,HadAsthma,0.0,28
dataset1,Personal Key Indicators of Heart Disease (2022),adaboost,AdaBoost,4,HadSkinCancer,0.0,29
dataset1,Personal Key Indicators of Heart Disease (2022),adaboost,AdaBoost,4,HadDepressiveDisorder,0.0,30
dataset1,Personal Key Indicators of Heart Disease (2022),adaboost,AdaBoost,4,HadKidneyDisease,0.0,31
dataset1,Personal Key Indicators of Heart Disease (2022),adaboost,AdaBoost,4,DeafOrHardOfHearing,0.0,32
dataset1,Personal Key Indicators of Heart Disease (2022),adaboost,AdaBoost,4,BlindOrVisionDifficulty,0.0,33
dataset1,Personal Key Indicators of Heart Disease (2022),adaboost,AdaBoost,4,DifficultyConcentrating,0.0,34
dataset1,Personal Key Indicators of Heart Disease (2022),adaboost,AdaBoost,4,DifficultyDressingBathing,0.0,35
dataset1,Personal Key Indicators of Heart Disease (2022),adaboost,AdaBoost,4,DifficultyErrands,0.0,36
dataset1,Personal Key Indicators of Heart Disease (2022),adaboost,AdaBoost,4,AlcoholDrinkers,0.0,37
dataset1,Personal Key Indicators of Heart Disease (2022),adaboost,AdaBoost,4,HIVTesting,0.0,38
dataset1,Personal Key Indicators of Heart Disease (2022),adaboost,AdaBoost,4,FluVaxLast12,0.0,39
dataset1,Personal Key Indicators of Heart Disease (2022),adaboost,AdaBoost,4,PneumoVaxEver,0.0,40
dataset1,Personal Key Indicators of Heart Disease (2022),adaboost,AdaBoost,4,HighRiskLastYear,0.0,41
dataset1,Personal Key Indicators of Heart Disease (2022),adaboost,AdaBoost,4,State_Alabama,0.0,42
dataset1,Personal Key Indicators of Heart Disease (2022),adaboost,AdaBoost,4,State_Alaska,0.0,43
dataset1,Personal Key Indicators of Heart Disease (2022),adaboost,AdaBoost,4,State_Arizona,0.0,44
dataset1,Personal Key Indicators of Heart Disease (2022),adaboost,AdaBoost,4,State_Arkansas,0.0,45
dataset1,Personal Key Indicators of Heart Disease (2022),adaboost,AdaBoost,4,State_California,0.0,46
dataset1,Personal Key Indicators of Heart Disease (2022),adaboost,AdaBoost,4,State_Colorado,0.0,47
dataset1,Personal Key Indicators of Heart Disease (2022),adaboost,AdaBoost,4,State_Connecticut,0.0,48
dataset1,Personal Key Indicators of Heart Disease (2022),adaboost,AdaBoost,4,State_Delaware,0.0,49
dataset1,Personal Key Indicators of Heart Disease (2022),adaboost,AdaBoost,4,State_District_of_Columbia,0.0,50
dataset1,Personal Key Indicators of Heart Disease (2022),adaboost,AdaBoost,4,State_Florida,0.0,51
dataset1,Personal Key Indicators of Heart Disease (2022),adaboost,AdaBoost,4,State_Georgia,0.0,52
dataset1,Personal Key Indicators of Heart Disease (2022),adaboost,AdaBoost,4,State_Guam,0.0,53
dataset1,Personal Key Indicators of Heart Disease (2022),adaboost,AdaBoost,4,State_Hawaii,0.0,54
dataset1,Personal Key Indicators of Heart Disease (2022),adaboost,AdaBoost,4,State_Idaho,0.0,55
dataset1,Personal Key Indicators of Heart Disease (2022),adaboost,AdaBoost,4,State_Illinois,0.0,56
dataset1,Personal Key Indicators of Heart Disease (2022),adaboost,AdaBoost,4,State_Indiana,0.0,57
dataset1,Personal Key Indicators of Heart Disease (2022),adaboost,AdaBoost,4,State_Iowa,0.0,58
dataset1,Personal Key Indicators of Heart Disease (2022),adaboost,AdaBoost,4,State_Kansas,0.0,59
dataset1,Personal Key Indicators of Heart Disease (2022),adaboost,AdaBoost,4,State_Kentucky,0.0,60
dataset1,Personal Key Indicators of Heart Disease (2022),adaboost,AdaBoost,4,State_Louisiana,0.0,61
dataset1,Personal Key Indicators of Heart Disease (2022),adaboost,AdaBoost,4,State_Maine,0.0,62
dataset1,Personal Key Indicators of Heart Disease (2022),adaboost,AdaBoost,4,State_Maryland,0.0,63
dataset1,Personal Key Indicators of Heart Disease (2022),adaboost,AdaBoost,4,State_Massachusetts,0.0,64
dataset1,Personal Key Indicators of Heart Disease (2022),adaboost,AdaBoost,4,State_Michigan,0.0,65
dataset1,Personal Key Indicators of Heart Disease (2022),adaboost,AdaBoost,4,State_Minnesota,0.0,66
dataset1,Personal Key Indicators of Heart Disease (2022),adaboost,AdaBoost,4,State_Mississippi,0.0,67
dataset1,Personal Key Indicators of Heart Disease (2022),adaboost,AdaBoost,4,State_Missouri,0.0,68
dataset1,Personal Key Indicators of Heart Disease (2022),adaboost,AdaBoost,4,State_Montana,0.0,69
dataset1,Personal Key Indicators of Heart Disease (2022),adaboost,AdaBoost,4,State_Nebraska,0.0,70
dataset1,Personal Key Indicators of Heart Disease (2022),adaboost,AdaBoost,4,State_Nevada,0.0,71
dataset1,Personal Key Indicators of Heart Disease (2022),adaboost,AdaBoost,4,State_New_Hampshire,0.0,72
dataset1,Personal Key Indicators of Heart Disease (2022),adaboost,AdaBoost,4,State_New_Jersey,0.0,73
dataset1,Personal Key Indicators of Heart Disease (2022),adaboost,AdaBoost,4,State_New_Mexico,0.0,74
dataset1,Personal Key Indicators of Heart Disease (2022),adaboost,AdaBoost,4,State_New_York,0.0,75
dataset1,Personal Key Indicators of Heart Disease (2022),adaboost,AdaBoost,4,State_North_Carolina,0.0,76
dataset1,Personal Key Indicators of Heart Disease (2022),adaboost,AdaBoost,4,State_North_Dakota,0.0,77
dataset1,Personal Key Indicators of Heart Disease (2022),adaboost,AdaBoost,4,State_Ohio,0.0,78
dataset1,Personal Key Indicators of Heart Disease (2022),adaboost,AdaBoost,4,State_Oklahoma,0.0,79
dataset1,Personal Key Indicators of Heart Disease (2022),adaboost,AdaBoost,4,State_Oregon,0.0,80
dataset1,Personal Key Indicators of Heart Disease (2022),adaboost,AdaBoost,4,State_Pennsylvania,0.0,81
dataset1,Personal Key Indicators of Heart Disease (2022),adaboost,AdaBoost,4,State_Puerto_Rico,0.0,82
dataset1,Personal Key Indicators of Heart Disease (2022),adaboost,AdaBoost,4,State_Rhode_Island,0.0,83
dataset1,Personal Key Indicators of Heart Disease (2022),adaboost,AdaBoost,4,State_South_Carolina,0.0,84
dataset1,Personal Key Indicators of Heart Disease (2022),adaboost,AdaBoost,4,State_South_Dakota,0.0,85
dataset1,Personal Key Indicators of Heart Disease (2022),adaboost,AdaBoost,4,State_Tennessee,0.0,86
dataset1,Personal Key Indicators of Heart Disease (2022),adaboost,AdaBoost,4,State_Texas,0.0,87
dataset1,Personal Key Indicators of Heart Disease (2022),adaboost,AdaBoost,4,State_Utah,0.0,88
dataset1,Personal Key Indicators of Heart Disease (2022),adaboost,AdaBoost,4,State_Vermont,0.0,89
dataset1,Personal Key Indicators of Heart Disease (2022),adaboost,AdaBoost,4,State_Virgin_Islands,0.0,90
dataset1,Personal Key Indicators of Heart Disease (2022),adaboost,AdaBoost,4,State_Virginia,0.0,91
dataset1,Personal Key Indicators of Heart Disease (2022),adaboost,AdaBoost,4,State_Washington,0.0,92
dataset1,Personal Key Indicators of Heart Disease (2022),adaboost,AdaBoost,4,State_West_Virginia,0.0,93
dataset1,Personal Key Indicators of Heart Disease (2022),adaboost,AdaBoost,4,State_Wisconsin,0.0,94
dataset1,Personal Key Indicators of Heart Disease (2022),adaboost,AdaBoost,4,State_Wyoming,0.0,95
dataset1,Personal Key Indicators of Heart Disease (2022),adaboost,AdaBoost,4,GeneralHealth_Good,0.0,96
dataset1,Personal Key Indicators of Heart Disease (2022),adaboost,AdaBoost,4,LastCheckupTime_5_or_more_years_ago,0.0,97
dataset1,Personal Key Indicators of Heart Disease (2022),adaboost,AdaBoost,4,LastCheckupTime_Within_past_2_years_1_year_but_less_than_2_years_ago_,0.0,98
dataset1,Personal Key Indicators of Heart Disease (2022),adaboost,AdaBoost,4,LastCheckupTime_Within_past_5_years_2_years_but_less_than_5_years_ago_,0.0,99
dataset1,Personal Key Indicators of Heart Disease (2022),adaboost,AdaBoost,4,LastCheckupTime_Within_past_year_anytime_less_than_12_months_ago_,0.0,100
dataset1,Personal Key Indicators of Heart Disease (2022),adaboost,AdaBoost,4,RemovedTeeth_1_to_5,0.0,101
dataset1,Personal Key Indicators of Heart Disease (2022),adaboost,AdaBoost,4,RemovedTeeth_6_or_more_but_not_all,0.0,102
dataset1,Personal Key Indicators of Heart Disease (2022),adaboost,AdaBoost,4,HadDiabetes_No_pre_diabetes_or_borderline_diabetes,0.0,103
dataset1,Personal Key Indicators of Heart Disease (2022),adaboost,AdaBoost,4,HadDiabetes_Yes_but_only_during_pregnancy_female_,0.0,104
dataset1,Personal Key Indicators of Heart Disease (2022),adaboost,AdaBoost,4,SmokerStatus_Current_smoker_now_smokes_every_day,0.0,105
dataset1,Personal Key Indicators of Heart Disease (2022),adaboost,AdaBoost,4,SmokerStatus_Current_smoker_now_smokes_some_days,0.0,106
dataset1,Personal Key Indicators of Heart Disease (2022),adaboost,AdaBoost,4,SmokerStatus_Former_smoker,0.0,107
dataset1,Personal Key Indicators of Heart Disease (2022),adaboost,AdaBoost,4,ECigaretteUsage_Never_used_e_cigarettes_in_my_entire_life,0.0,108
dataset1,Personal Key Indicators of Heart Disease (2022),adaboost,AdaBoost,4,ECigaretteUsage_Not_at_all_right_now_,0.0,109
dataset1,Personal Key Indicators of Heart Disease (2022),adaboost,AdaBoost,4,ECigaretteUsage_Use_them_every_day,0.0,110
dataset1,Personal Key Indicators of Heart Disease (2022),adaboost,AdaBoost,4,ECigaretteUsage_Use_them_some_days,0.0,111
dataset1,Personal Key Indicators of Heart Disease (2022),adaboost,AdaBoost,4,RaceEthnicityCategory_Black_only_Non_Hispanic,0.0,112
dataset1,Personal Key Indicators of Heart Disease (2022),adaboost,AdaBoost,4,RaceEthnicityCategory_Hispanic,0.0,113
dataset1,Personal Key Indicators of Heart Disease (2022),adaboost,AdaBoost,4,RaceEthnicityCategory_Multiracial_Non_Hispanic,0.0,114
dataset1,Personal Key Indicators of Heart Disease (2022),adaboost,AdaBoost,4,RaceEthnicityCategory_Other_race_only_Non_Hispanic,0.0,115
dataset1,Personal Key Indicators of Heart Disease (2022),adaboost,AdaBoost,4,RaceEthnicityCategory_White_only_Non_Hispanic,0.0,116
dataset1,Personal Key Indicators of Heart Disease (2022),adaboost,AdaBoost,4,AgeCategory_Age_35_to_39,0.0,117
dataset1,Personal Key Indicators of Heart Disease (2022),adaboost,AdaBoost,4,AgeCategory_Age_40_to_44,0.0,118
dataset1,Personal Key Indicators of Heart Disease (2022),adaboost,AdaBoost,4,AgeCategory_Age_45_to_49,0.0,119
dataset1,Personal Key Indicators of Heart Disease (2022),adaboost,AdaBoost,4,AgeCategory_Age_50_to_54,0.0,120
dataset1,Personal Key Indicators of Heart Disease (2022),adaboost,AdaBoost,4,AgeCategory_Age_55_to_59,0.0,121
dataset1,Personal Key Indicators of Heart Disease (2022),adaboost,AdaBoost,4,AgeCategory_Age_60_to_64,0.0,122
dataset1,Personal Key Indicators of Heart Disease (2022),adaboost,AdaBoost,4,AgeCategory_Age_65_to_69,0.0,123
dataset1,Personal Key Indicators of Heart Disease (2022),adaboost,AdaBoost,4,AgeCategory_Age_70_to_74,0.0,124
dataset1,Personal Key Indicators of Heart Disease (2022),adaboost,AdaBoost,4,AgeCategory_Age_75_to_79,0.0,125
dataset1,Personal Key Indicators of Heart Disease (2022),adaboost,AdaBoost,4,TetanusLast10Tdap_No_did_not_receive_any_tetanus_shot_in_the_past_10_years,0.0,126
dataset1,Personal Key Indicators of Heart Disease (2022),adaboost,AdaBoost,4,TetanusLast10Tdap_Yes_received_Tdap,0.0,127
dataset1,Personal Key Indicators of Heart Disease (2022),adaboost,AdaBoost,4,TetanusLast10Tdap_Yes_received_tetanus_shot_but_not_sure_what_type,0.0,128
dataset1,Personal Key Indicators of Heart Disease (2022),adaboost,AdaBoost,4,TetanusLast10Tdap_Yes_received_tetanus_shot_but_not_Tdap,0.0,129
dataset1,Personal Key Indicators of Heart Disease (2022),adaboost,AdaBoost,4,CovidPos_No,0.0,130
dataset1,Personal Key Indicators of Heart Disease (2022),adaboost,AdaBoost,4,CovidPos_Tested_positive_using_home_test_without_a_health_professional,0.0,131
dataset1,Personal Key Indicators of Heart Disease (2022),adaboost,AdaBoost,5,ChestScan,0.030190892688997523,1
dataset1,Personal Key Indicators of Heart Disease (2022),adaboost,AdaBoost,5,RemovedTeeth_None_of_them,0.01879202967882879,2
dataset1,Personal Key Indicators of Heart Disease (2022),adaboost,AdaBoost,5,HadAngina,0.017098444316173723,3
dataset1,Personal Key Indicators of Heart Disease (2022),adaboost,AdaBoost,5,Sex,0.011486550577521439,4
dataset1,Personal Key Indicators of Heart Disease (2022),adaboost,AdaBoost,5,HadDiabetes_Yes,0.010043714047684007,5
dataset1,Personal Key Indicators of Heart Disease (2022),adaboost,AdaBoost,5,HadArthritis,0.00929643615567166,6
dataset1,Personal Key Indicators of Heart Disease (2022),adaboost,AdaBoost,5,DifficultyWalking,0.00878512602434686,7
dataset1,Personal Key Indicators of Heart Disease (2022),adaboost,AdaBoost,5,GeneralHealth_Excellent,0.006928893735303529,8
dataset1,Personal Key Indicators of Heart Disease (2022),adaboost,AdaBoost,5,GeneralHealth_Very_good,0.005510602617840309,9
dataset1,Personal Key Indicators of Heart Disease (2022),adaboost,AdaBoost,5,HadStroke,0.005207745204833014,10
dataset1,Personal Key Indicators of Heart Disease (2022),adaboost,AdaBoost,5,AgeCategory_Age_18_to_24,0.004102540205128106,11
dataset1,Personal Key Indicators of Heart Disease (2022),adaboost,AdaBoost,5,AgeCategory_Age_80_or_older,0.003375679031926248,12
dataset1,Personal Key Indicators of Heart Disease (2022),adaboost,AdaBoost,5,SmokerStatus_Never_smoked,0.0028544222754924133,13
dataset1,Personal Key Indicators of Heart Disease (2022),adaboost,AdaBoost,5,HadCOPD,0.0022967216923521164,14
dataset1,Personal Key Indicators of Heart Disease (2022),adaboost,AdaBoost,5,RemovedTeeth_All,0.0018688363861555628,15
dataset1,Personal Key Indicators of Heart Disease (2022),adaboost,AdaBoost,5,AgeCategory_Age_25_to_29,0.0013540708633296994,16
dataset1,Personal Key Indicators of Heart Disease (2022),adaboost,AdaBoost,5,AgeCategory_Age_30_to_34,0.001284615246737355,17
dataset1,Personal Key Indicators of Heart Disease (2022),adaboost,AdaBoost,5,PhysicalHealthDays,0.0008368172033243398,18
dataset1,Personal Key Indicators of Heart Disease (2022),adaboost,AdaBoost,5,GeneralHealth_Poor,8.195331945304307e-05,19
dataset1,Personal Key Indicators of Heart Disease (2022),adaboost,AdaBoost,5,MentalHealthDays,0.0,20
dataset1,Personal Key Indicators of Heart Disease (2022),adaboost,AdaBoost,5,SleepHours,0.0,21
dataset1,Personal Key Indicators of Heart Disease (2022),adaboost,AdaBoost,5,HeightInMeters,0.0,22
dataset1,Personal Key Indicators of Heart Disease (2022),adaboost,AdaBoost,5,WeightInKilograms,0.0,23
dataset1,Personal Key Indicators of Heart Disease (2022),adaboost,AdaBoost,5,BMI,0.0,24
dataset1,Personal Key Indicators of Heart Disease (2022),adaboost,AdaBoost,5,PhysicalActivities,0.0,25
dataset1,Personal Key Indicators of Heart Disease (2022),adaboost,AdaBoost,5,HadAsthma,0.0,26
dataset1,Personal Key Indicators of Heart Disease (2022),adaboost,AdaBoost,5,HadSkinCancer,0.0,27
dataset1,Personal Key Indicators of Heart Disease (2022),adaboost,AdaBoost,5,HadDepressiveDisorder,0.0,28
dataset1,Personal Key Indicators of Heart Disease (2022),adaboost,AdaBoost,5,HadKidneyDisease,0.0,29
dataset1,Personal Key Indicators of Heart Disease (2022),adaboost,AdaBoost,5,DeafOrHardOfHearing,0.0,30
dataset1,Personal Key Indicators of Heart Disease (2022),adaboost,AdaBoost,5,BlindOrVisionDifficulty,0.0,31
dataset1,Personal Key Indicators of Heart Disease (2022),adaboost,AdaBoost,5,DifficultyConcentrating,0.0,32
dataset1,Personal Key Indicators of Heart Disease (2022),adaboost,AdaBoost,5,DifficultyDressingBathing,0.0,33
dataset1,Personal Key Indicators of Heart Disease (2022),adaboost,AdaBoost,5,DifficultyErrands,0.0,34
dataset1,Personal Key Indicators of Heart Disease (2022),adaboost,AdaBoost,5,AlcoholDrinkers,0.0,35
dataset1,Personal Key Indicators of Heart Disease (2022),adaboost,AdaBoost,5,HIVTesting,0.0,36
dataset1,Personal Key Indicators of Heart Disease (2022),adaboost,AdaBoost,5,FluVaxLast12,0.0,37
dataset1,Personal Key Indicators of Heart Disease (2022),adaboost,AdaBoost,5,PneumoVaxEver,0.0,38
dataset1,Personal Key Indicators of Heart Disease (2022),adaboost,AdaBoost,5,HighRiskLastYear,0.0,39
dataset1,Personal Key Indicators of Heart Disease (2022),adaboost,AdaBoost,5,State_Alabama,0.0,40
dataset1,Personal Key Indicators of Heart Disease (2022),adaboost,AdaBoost,5,State_Alaska,0.0,41
dataset1,Personal Key Indicators of Heart Disease (2022),adaboost,AdaBoost,5,State_Arizona,0.0,42
dataset1,Personal Key Indicators of Heart Disease (2022),adaboost,AdaBoost,5,State_Arkansas,0.0,43
dataset1,Personal Key Indicators of Heart Disease (2022),adaboost,AdaBoost,5,State_California,0.0,44
dataset1,Personal Key Indicators of Heart Disease (2022),adaboost,AdaBoost,5,State_Colorado,0.0,45
dataset1,Personal Key Indicators of Heart Disease (2022),adaboost,AdaBoost,5,State_Connecticut,0.0,46
dataset1,Personal Key Indicators of Heart Disease (2022),adaboost,AdaBoost,5,State_Delaware,0.0,47
dataset1,Personal Key Indicators of Heart Disease (2022),adaboost,AdaBoost,5,State_District_of_Columbia,0.0,48
dataset1,Personal Key Indicators of Heart Disease (2022),adaboost,AdaBoost,5,State_Florida,0.0,49
dataset1,Personal Key Indicators of Heart Disease (2022),adaboost,AdaBoost,5,State_Georgia,0.0,50
dataset1,Personal Key Indicators of Heart Disease (2022),adaboost,AdaBoost,5,State_Guam,0.0,51
dataset1,Personal Key Indicators of Heart Disease (2022),adaboost,AdaBoost,5,State_Hawaii,0.0,52
dataset1,Personal Key Indicators of Heart Disease (2022),adaboost,AdaBoost,5,State_Idaho,0.0,53
dataset1,Personal Key Indicators of Heart Disease (2022),adaboost,AdaBoost,5,State_Illinois,0.0,54
dataset1,Personal Key Indicators of Heart Disease (2022),adaboost,AdaBoost,5,State_Indiana,0.0,55
dataset1,Personal Key Indicators of Heart Disease (2022),adaboost,AdaBoost,5,State_Iowa,0.0,56
dataset1,Personal Key Indicators of Heart Disease (2022),adaboost,AdaBoost,5,State_Kansas,0.0,57
dataset1,Personal Key Indicators of Heart Disease (2022),adaboost,AdaBoost,5,State_Kentucky,0.0,58
dataset1,Personal Key Indicators of Heart Disease (2022),adaboost,AdaBoost,5,State_Louisiana,0.0,59
dataset1,Personal Key Indicators of Heart Disease (2022),adaboost,AdaBoost,5,State_Maine,0.0,60
dataset1,Personal Key Indicators of Heart Disease (2022),adaboost,AdaBoost,5,State_Maryland,0.0,61
dataset1,Personal Key Indicators of Heart Disease (2022),adaboost,AdaBoost,5,State_Massachusetts,0.0,62
dataset1,Personal Key Indicators of Heart Disease (2022),adaboost,AdaBoost,5,State_Michigan,0.0,63
dataset1,Personal Key Indicators of Heart Disease (2022),adaboost,AdaBoost,5,State_Minnesota,0.0,64
dataset1,Personal Key Indicators of Heart Disease (2022),adaboost,AdaBoost,5,State_Mississippi,0.0,65
dataset1,Personal Key Indicators of Heart Disease (2022),adaboost,AdaBoost,5,State_Missouri,0.0,66
dataset1,Personal Key Indicators of Heart Disease (2022),adaboost,AdaBoost,5,State_Montana,0.0,67
dataset1,Personal Key Indicators of Heart Disease (2022),adaboost,AdaBoost,5,State_Nebraska,0.0,68
dataset1,Personal Key Indicators of Heart Disease (2022),adaboost,AdaBoost,5,State_Nevada,0.0,69
dataset1,Personal Key Indicators of Heart Disease (2022),adaboost,AdaBoost,5,State_New_Hampshire,0.0,70
dataset1,Personal Key Indicators of Heart Disease (2022),adaboost,AdaBoost,5,State_New_Jersey,0.0,71
dataset1,Personal Key Indicators of Heart Disease (2022),adaboost,AdaBoost,5,State_New_Mexico,0.0,72
dataset1,Personal Key Indicators of Heart Disease (2022),adaboost,AdaBoost,5,State_New_York,0.0,73
dataset1,Personal Key Indicators of Heart Disease (2022),adaboost,AdaBoost,5,State_North_Carolina,0.0,74
dataset1,Personal Key Indicators of Heart Disease (2022),adaboost,AdaBoost,5,State_North_Dakota,0.0,75
dataset1,Personal Key Indicators of Heart Disease (2022),adaboost,AdaBoost,5,State_Ohio,0.0,76
dataset1,Personal Key Indicators of Heart Disease (2022),adaboost,AdaBoost,5,State_Oklahoma,0.0,77
dataset1,Personal Key Indicators of Heart Disease (2022),adaboost,AdaBoost,5,State_Oregon,0.0,78
dataset1,Personal Key Indicators of Heart Disease (2022),adaboost,AdaBoost,5,State_Pennsylvania,0.0,79
dataset1,Personal Key Indicators of Heart Disease (2022),adaboost,AdaBoost,5,State_Puerto_Rico,0.0,80
dataset1,Personal Key Indicators of Heart Disease (2022),adaboost,AdaBoost,5,State_Rhode_Island,0.0,81
dataset1,Personal Key Indicators of Heart Disease (2022),adaboost,AdaBoost,5,State_South_Carolina,0.0,82
dataset1,Personal Key Indicators of Heart Disease (2022),adaboost,AdaBoost,5,State_South_Dakota,0.0,83
dataset1,Personal Key Indicators of Heart Disease (2022),adaboost,AdaBoost,5,State_Tennessee,0.0,84
dataset1,Personal Key Indicators of Heart Disease (2022),adaboost,AdaBoost,5,State_Texas,0.0,85
dataset1,Personal Key Indicators of Heart Disease (2022),adaboost,AdaBoost,5,State_Utah,0.0,86
dataset1,Personal Key Indicators of Heart Disease (2022),adaboost,AdaBoost,5,State_Vermont,0.0,87
dataset1,Personal Key Indicators of Heart Disease (2022),adaboost,AdaBoost,5,State_Virgin_Islands,0.0,88
dataset1,Personal Key Indicators of Heart Disease (2022),adaboost,AdaBoost,5,State_Virginia,0.0,89
dataset1,Personal Key Indicators of Heart Disease (2022),adaboost,AdaBoost,5,State_Washington,0.0,90
dataset1,Personal Key Indicators of Heart Disease (2022),adaboost,AdaBoost,5,State_West_Virginia,0.0,91
dataset1,Personal Key Indicators of Heart Disease (2022),adaboost,AdaBoost,5,State_Wisconsin,0.0,92
dataset1,Personal Key Indicators of Heart Disease (2022),adaboost,AdaBoost,5,State_Wyoming,0.0,93
dataset1,Personal Key Indicators of Heart Disease (2022),adaboost,AdaBoost,5,GeneralHealth_Fair,0.0,94
dataset1,Personal Key Indicators of Heart Disease (2022),adaboost,AdaBoost,5,GeneralHealth_Good,0.0,95
dataset1,Personal Key Indicators of Heart Disease (2022),adaboost,AdaBoost,5,LastCheckupTime_5_or_more_years_ago,0.0,96
dataset1,Personal Key Indicators of Heart Disease (2022),adaboost,AdaBoost,5,LastCheckupTime_Within_past_2_years_1_year_but_less_than_2_years_ago_,0.0,97
dataset1,Personal Key Indicators of Heart Disease (2022),adaboost,AdaBoost,5,LastCheckupTime_Within_past_5_years_2_years_but_less_than_5_years_ago_,0.0,98
dataset1,Personal Key Indicators of Heart Disease (2022),adaboost,AdaBoost,5,LastCheckupTime_Within_past_year_anytime_less_than_12_months_ago_,0.0,99
dataset1,Personal Key Indicators of Heart Disease (2022),adaboost,AdaBoost,5,RemovedTeeth_1_to_5,0.0,100
dataset1,Personal Key Indicators of Heart Disease (2022),adaboost,AdaBoost,5,RemovedTeeth_6_or_more_but_not_all,0.0,101
dataset1,Personal Key Indicators of Heart Disease (2022),adaboost,AdaBoost,5,HadDiabetes_No,0.0,102
dataset1,Personal Key Indicators of Heart Disease (2022),adaboost,AdaBoost,5,HadDiabetes_No_pre_diabetes_or_borderline_diabetes,0.0,103
dataset1,Personal Key Indicators of Heart Disease (2022),adaboost,AdaBoost,5,HadDiabetes_Yes_but_only_during_pregnancy_female_,0.0,104
dataset1,Personal Key Indicators of Heart Disease (2022),adaboost,AdaBoost,5,SmokerStatus_Current_smoker_now_smokes_every_day,0.0,105
dataset1,Personal Key Indicators of Heart Disease (2022),adaboost,AdaBoost,5,SmokerStatus_Current_smoker_now_smokes_some_days,0.0,106
dataset1,Personal Key Indicators of Heart Disease (2022),adaboost,AdaBoost,5,SmokerStatus_Former_smoker,0.0,107
dataset1,Personal Key Indicators of Heart Disease (2022),adaboost,AdaBoost,5,ECigaretteUsage_Never_used_e_cigarettes_in_my_entire_life,0.0,108
dataset1,Personal Key Indicators of Heart Disease (2022),adaboost,AdaBoost,5,ECigaretteUsage_Not_at_all_right_now_,0.0,109
dataset1,Personal Key Indicators of Heart Disease (2022),adaboost,AdaBoost,5,ECigaretteUsage_Use_them_every_day,0.0,110
dataset1,Personal Key Indicators of Heart Disease (2022),adaboost,AdaBoost,5,ECigaretteUsage_Use_them_some_days,0.0,111
dataset1,Personal Key Indicators of Heart Disease (2022),adaboost,AdaBoost,5,RaceEthnicityCategory_Black_only_Non_Hispanic,0.0,112
dataset1,Personal Key Indicators of Heart Disease (2022),adaboost,AdaBoost,5,RaceEthnicityCategory_Hispanic,0.0,113
dataset1,Personal Key Indicators of Heart Disease (2022),adaboost,AdaBoost,5,RaceEthnicityCategory_Multiracial_Non_Hispanic,0.0,114
dataset1,Personal Key Indicators of Heart Disease (2022),adaboost,AdaBoost,5,RaceEthnicityCategory_Other_race_only_Non_Hispanic,0.0,115
dataset1,Personal Key Indicators of Heart Disease (2022),adaboost,AdaBoost,5,RaceEthnicityCategory_White_only_Non_Hispanic,0.0,116
dataset1,Personal Key Indicators of Heart Disease (2022),adaboost,AdaBoost,5,AgeCategory_Age_35_to_39,0.0,117
dataset1,Personal Key Indicators of Heart Disease (2022),adaboost,AdaBoost,5,AgeCategory_Age_40_to_44,0.0,118
dataset1,Personal Key Indicators of Heart Disease (2022),adaboost,AdaBoost,5,AgeCategory_Age_45_to_49,0.0,119
dataset1,Personal Key Indicators of Heart Disease (2022),adaboost,AdaBoost,5,AgeCategory_Age_50_to_54,0.0,120
dataset1,Personal Key Indicators of Heart Disease (2022),adaboost,AdaBoost,5,AgeCategory_Age_55_to_59,0.0,121
dataset1,Personal Key Indicators of Heart Disease (2022),adaboost,AdaBoost,5,AgeCategory_Age_60_to_64,0.0,122
dataset1,Personal Key Indicators of Heart Disease (2022),adaboost,AdaBoost,5,AgeCategory_Age_65_to_69,0.0,123
dataset1,Personal Key Indicators of Heart Disease (2022),adaboost,AdaBoost,5,AgeCategory_Age_70_to_74,0.0,124
dataset1,Personal Key Indicators of Heart Disease (2022),adaboost,AdaBoost,5,AgeCategory_Age_75_to_79,0.0,125
dataset1,Personal Key Indicators of Heart Disease (2022),adaboost,AdaBoost,5,TetanusLast10Tdap_No_did_not_receive_any_tetanus_shot_in_the_past_10_years,0.0,126
dataset1,Personal Key Indicators of Heart Disease (2022),adaboost,AdaBoost,5,TetanusLast10Tdap_Yes_received_Tdap,0.0,127
dataset1,Personal Key Indicators of Heart Disease (2022),adaboost,AdaBoost,5,TetanusLast10Tdap_Yes_received_tetanus_shot_but_not_sure_what_type,0.0,128
dataset1,Personal Key Indicators of Heart Disease (2022),adaboost,AdaBoost,5,TetanusLast10Tdap_Yes_received_tetanus_shot_but_not_Tdap,0.0,129
dataset1,Personal Key Indicators of Heart Disease (2022),adaboost,AdaBoost,5,CovidPos_No,0.0,130
dataset1,Personal Key Indicators of Heart Disease (2022),adaboost,AdaBoost,5,CovidPos_Tested_positive_using_home_test_without_a_health_professional,0.0,131
dataset1,Personal Key Indicators of Heart Disease (2022),xgboost,XGBoost,1,HadAngina,0.7277864217758179,1
dataset1,Personal Key Indicators of Heart Disease (2022),xgboost,XGBoost,1,ChestScan,0.293708473443985,2
dataset1,Personal Key Indicators of Heart Disease (2022),xgboost,XGBoost,1,Sex,0.2754019498825073,3
dataset1,Personal Key Indicators of Heart Disease (2022),xgboost,XGBoost,1,RemovedTeeth_None_of_them,0.1814909726381302,4
dataset1,Personal Key Indicators of Heart Disease (2022),xgboost,XGBoost,1,HadStroke,0.13094128668308258,5
dataset1,Personal Key Indicators of Heart Disease (2022),xgboost,XGBoost,1,GeneralHealth_Very_good,0.12798631191253662,6
dataset1,Personal Key Indicators of Heart Disease (2022),xgboost,XGBoost,1,AgeCategory_Age_80_or_older,0.1274479329586029,7
dataset1,Personal Key Indicators of Heart Disease (2022),xgboost,XGBoost,1,GeneralHealth_Excellent,0.10652316361665726,8
dataset1,Personal Key Indicators of Heart Disease (2022),xgboost,XGBoost,1,HadDiabetes_Yes,0.09556737542152405,9
dataset1,Personal Key Indicators of Heart Disease (2022),xgboost,XGBoost,1,SmokerStatus_Never_smoked,0.0929010808467865,10
dataset1,Personal Key Indicators of Heart Disease (2022),xgboost,XGBoost,1,HadArthritis,0.07986804842948914,11
dataset1,Personal Key Indicators of Heart Disease (2022),xgboost,XGBoost,1,DifficultyWalking,0.07956767082214355,12
dataset1,Personal Key Indicators of Heart Disease (2022),xgboost,XGBoost,1,AgeCategory_Age_30_to_34,0.07259395718574524,13
dataset1,Personal Key Indicators of Heart Disease (2022),xgboost,XGBoost,1,AgeCategory_Age_18_to_24,0.06573673337697983,14
dataset1,Personal Key Indicators of Heart Disease (2022),xgboost,XGBoost,1,AgeCategory_Age_75_to_79,0.06481769680976868,15
dataset1,Personal Key Indicators of Heart Disease (2022),xgboost,XGBoost,1,AgeCategory_Age_25_to_29,0.061101555824279785,16
dataset1,Personal Key Indicators of Heart Disease (2022),xgboost,XGBoost,1,RemovedTeeth_1_to_5,0.06019555404782295,17
dataset1,Personal Key Indicators of Heart Disease (2022),xgboost,XGBoost,1,LastCheckupTime_Within_past_year_anytime_less_than_12_months_ago_,0.05770137161016464,18
dataset1,Personal Key Indicators of Heart Disease (2022),xgboost,XGBoost,1,AgeCategory_Age_35_to_39,0.05699662119150162,19
dataset1,Personal Key Indicators of Heart Disease (2022),xgboost,XGBoost,1,AgeCategory_Age_70_to_74,0.05553846061229706,20
dataset1,Personal Key Indicators of Heart Disease (2022),xgboost,XGBoost,1,AlcoholDrinkers,0.05476851761341095,21
dataset1,Personal Key Indicators of Heart Disease (2022),xgboost,XGBoost,1,HadCOPD,0.05265859141945839,22
dataset1,Personal Key Indicators of Heart Disease (2022),xgboost,XGBoost,1,SleepHours,0.04688900336623192,23
dataset1,Personal Key Indicators of Heart Disease (2022),xgboost,XGBoost,1,GeneralHealth_Fair,0.0441235788166523,24
dataset1,Personal Key Indicators of Heart Disease (2022),xgboost,XGBoost,1,AgeCategory_Age_40_to_44,0.038082219660282135,25
dataset1,Personal Key Indicators of Heart Disease (2022),xgboost,XGBoost,1,AgeCategory_Age_45_to_49,0.037739962339401245,26
dataset1,Personal Key Indicators of Heart Disease (2022),xgboost,XGBoost,1,RemovedTeeth_All,0.034892212599515915,27
dataset1,Personal Key Indicators of Heart Disease (2022),xgboost,XGBoost,1,HIVTesting,0.0341939851641655,28
dataset1,Personal Key Indicators of Heart Disease (2022),xgboost,XGBoost,1,TetanusLast10Tdap_No_did_not_receive_any_tetanus_shot_in_the_past_10_years,0.033690012991428375,29
dataset1,Personal Key Indicators of Heart Disease (2022),xgboost,XGBoost,1,MentalHealthDays,0.032953713089227676,30
dataset1,Personal Key Indicators of Heart Disease (2022),xgboost,XGBoost,1,TetanusLast10Tdap_Yes_received_Tdap,0.03224482759833336,31
dataset1,Personal Key Indicators of Heart Disease (2022),xgboost,XGBoost,1,GeneralHealth_Poor,0.03182374686002731,32
dataset1,Personal Key Indicators of Heart Disease (2022),xgboost,XGBoost,1,HadKidneyDisease,0.031317293643951416,33
dataset1,Personal Key Indicators of Heart Disease (2022),xgboost,XGBoost,1,PhysicalHealthDays,0.029026148840785027,34
dataset1,Personal Key Indicators of Heart Disease (2022),xgboost,XGBoost,1,BMI,0.028630012646317482,35
dataset1,Personal Key Indicators of Heart Disease (2022),xgboost,XGBoost,1,DeafOrHardOfHearing,0.027505457401275635,36
dataset1,Personal Key Indicators of Heart Disease (2022),xgboost,XGBoost,1,HadDiabetes_No,0.025119366124272346,37
dataset1,Personal Key Indicators of Heart Disease (2022),xgboost,XGBoost,1,GeneralHealth_Good,0.02386809140443802,38
dataset1,Personal Key Indicators of Heart Disease (2022),xgboost,XGBoost,1,AgeCategory_Age_50_to_54,0.023809410631656647,39
dataset1,Personal Key Indicators of Heart Disease (2022),xgboost,XGBoost,1,SmokerStatus_Current_smoker_now_smokes_every_day,0.023204529657959938,40
dataset1,Personal Key Indicators of Heart Disease (2022),xgboost,XGBoost,1,WeightInKilograms,0.021868962794542313,41
dataset1,Personal Key Indicators of Heart Disease (2022),xgboost,XGBoost,1,RaceEthnicityCategory_Black_only_Non_Hispanic,0.019770223647356033,42
dataset1,Personal Key Indicators of Heart Disease (2022),xgboost,XGBoost,1,BlindOrVisionDifficulty,0.01711180992424488,43
dataset1,Personal Key Indicators of Heart Disease (2022),xgboost,XGBoost,1,HeightInMeters,0.01553699653595686,44
dataset1,Personal Key Indicators of Heart Disease (2022),xgboost,XGBoost,1,CovidPos_No,0.013996985740959644,45
dataset1,Personal Key Indicators of Heart Disease (2022),xgboost,XGBoost,1,AgeCategory_Age_65_to_69,0.010836243629455566,46
dataset1,Personal Key Indicators of Heart Disease (2022),xgboost,XGBoost,1,PhysicalActivities,0.010403438471257687,47
dataset1,Personal Key Indicators of Heart Disease (2022),xgboost,XGBoost,1,PneumoVaxEver,0.009925459511578083,48
dataset1,Personal Key Indicators of Heart Disease (2022),xgboost,XGBoost,1,FluVaxLast12,0.008493104949593544,49
dataset1,Personal Key Indicators of Heart Disease (2022),xgboost,XGBoost,1,HadDepressiveDisorder,0.007767355069518089,50
dataset1,Personal Key Indicators of Heart Disease (2022),xgboost,XGBoost,1,CovidPos_Tested_positive_using_home_test_without_a_health_professional,0.007208412513136864,51
dataset1,Personal Key Indicators of Heart Disease (2022),xgboost,XGBoost,1,RaceEthnicityCategory_Multiracial_Non_Hispanic,0.005684658419340849,52
dataset1,Personal Key Indicators of Heart Disease (2022),xgboost,XGBoost,1,DifficultyConcentrating,0.005671273451298475,53
dataset1,Personal Key Indicators of Heart Disease (2022),xgboost,XGBoost,1,State_Maine,0.005378230009227991,54
dataset1,Personal Key Indicators of Heart Disease (2022),xgboost,XGBoost,1,DifficultyErrands,0.005314709153026342,55
dataset1,Personal Key Indicators of Heart Disease (2022),xgboost,XGBoost,1,RaceEthnicityCategory_White_only_Non_Hispanic,0.005304315127432346,56
dataset1,Personal Key Indicators of Heart Disease (2022),xgboost,XGBoost,1,State_Illinois,0.00495162233710289,57
dataset1,Personal Key Indicators of Heart Disease (2022),xgboost,XGBoost,1,HadAsthma,0.0044198171235620975,58
dataset1,Personal Key Indicators of Heart Disease (2022),xgboost,XGBoost,1,State_New_Jersey,0.004369016271084547,59
dataset1,Personal Key Indicators of Heart Disease (2022),xgboost,XGBoost,1,State_South_Carolina,0.004002879839390516,60
dataset1,Personal Key Indicators of Heart Disease (2022),xgboost,XGBoost,1,State_Washington,0.0034908102825284004,61
dataset1,Personal Key Indicators of Heart Disease (2022),xgboost,XGBoost,1,State_South_Dakota,0.003429148579016328,62
dataset1,Personal Key Indicators of Heart Disease (2022),xgboost,XGBoost,1,State_Maryland,0.002929749432951212,63
dataset1,Personal Key Indicators of Heart Disease (2022),xgboost,XGBoost,1,AgeCategory_Age_55_to_59,0.002913382835686207,64
dataset1,Personal Key Indicators of Heart Disease (2022),xgboost,XGBoost,1,State_Colorado,0.002812187885865569,65
dataset1,Personal Key Indicators of Heart Disease (2022),xgboost,XGBoost,1,TetanusLast10Tdap_Yes_received_tetanus_shot_but_not_sure_what_type,0.0027581260073930025,66
dataset1,Personal Key Indicators of Heart Disease (2022),xgboost,XGBoost,1,State_Delaware,0.0026262043975293636,67
dataset1,Personal Key Indicators of Heart Disease (2022),xgboost,XGBoost,1,ECigaretteUsage_Never_used_e_cigarettes_in_my_entire_life,0.0025272471830248833,68
dataset1,Personal Key Indicators of Heart Disease (2022),xgboost,XGBoost,1,AgeCategory_Age_60_to_64,0.0024558790028095245,69
dataset1,Personal Key Indicators of Heart Disease (2022),xgboost,XGBoost,1,State_Arizona,0.0023909318260848522,70
dataset1,Personal Key Indicators of Heart Disease (2022),xgboost,XGBoost,1,State_Minnesota,0.002293230500072241,71
dataset1,Personal Key Indicators of Heart Disease (2022),xgboost,XGBoost,1,State_Oklahoma,0.0022583070676773787,72
dataset1,Personal Key Indicators of Heart Disease (2022),xgboost,XGBoost,1,State_Texas,0.002117237076163292,73
dataset1,Personal Key Indicators of Heart Disease (2022),xgboost,XGBoost,1,RaceEthnicityCategory_Other_race_only_Non_Hispanic,0.0020667186472564936,74
dataset1,Personal Key Indicators of Heart Disease (2022),xgboost,XGBoost,1,RaceEthnicityCategory_Hispanic,0.001882748561911285,75
dataset1,Personal Key Indicators of Heart Disease (2022),xgboost,XGBoost,1,RemovedTeeth_6_or_more_but_not_all,0.0018703930545598269,76
dataset1,Personal Key Indicators of Heart Disease (2022),xgboost,XGBoost,1,LastCheckupTime_Within_past_5_years_2_years_but_less_than_5_years_ago_,0.0016458627069368958,77
dataset1,Personal Key Indicators of Heart Disease (2022),xgboost,XGBoost,1,State_New_York,0.0016224703285843134,78
dataset1,Personal Key Indicators of Heart Disease (2022),xgboost,XGBoost,1,State_Vermont,0.00152649509254843,79
dataset1,Personal Key Indicators of Heart Disease (2022),xgboost,XGBoost,1,SmokerStatus_Former_smoker,0.0015019020065665245,80
dataset1,Personal Key Indicators of Heart Disease (2022),xgboost,XGBoost,1,HadSkinCancer,0.001080975285731256,81
dataset1,Personal Key Indicators of Heart Disease (2022),xgboost,XGBoost,1,State_New_Hampshire,0.0010360046289861202,82
dataset1,Personal Key Indicators of Heart Disease (2022),xgboost,XGBoost,1,State_Puerto_Rico,0.0009932148968800902,83
dataset1,Personal Key Indicators of Heart Disease (2022),xgboost,XGBoost,1,HighRiskLastYear,0.0009654814493842423,84
dataset1,Personal Key Indicators of Heart Disease (2022),xgboost,XGBoost,1,LastCheckupTime_Within_past_2_years_1_year_but_less_than_2_years_ago_,0.000945204054005444,85
dataset1,Personal Key Indicators of Heart Disease (2022),xgboost,XGBoost,1,State_District_of_Columbia,0.000944026280194521,86
dataset1,Personal Key Indicators of Heart Disease (2022),xgboost,XGBoost,1,DifficultyDressingBathing,0.0009365555015392601,87
dataset1,Personal Key Indicators of Heart Disease (2022),xgboost,XGBoost,1,State_Mississippi,0.0009146272204816341,88
dataset1,Personal Key Indicators of Heart Disease (2022),xgboost,XGBoost,1,ECigaretteUsage_Not_at_all_right_now_,0.0008373960736207664,89
dataset1,Personal Key Indicators of Heart Disease (2022),xgboost,XGBoost,1,LastCheckupTime_5_or_more_years_ago,0.0007870587869547307,90
dataset1,Personal Key Indicators of Heart Disease (2022),xgboost,XGBoost,1,State_Ohio,0.0007731994264759123,91
dataset1,Personal Key Indicators of Heart Disease (2022),xgboost,XGBoost,1,State_Massachusetts,0.0007335729314945638,92
dataset1,Personal Key Indicators of Heart Disease (2022),xgboost,XGBoost,1,State_Hawaii,0.0007239417172968388,93
dataset1,Personal Key Indicators of Heart Disease (2022),xgboost,XGBoost,1,ECigaretteUsage_Use_them_every_day,0.0007012523710727692,94
dataset1,Personal Key Indicators of Heart Disease (2022),xgboost,XGBoost,1,TetanusLast10Tdap_Yes_received_tetanus_shot_but_not_Tdap,0.0006750289467163384,95
dataset1,Personal Key Indicators of Heart Disease (2022),xgboost,XGBoost,1,State_Tennessee,0.0006142120691947639,96
dataset1,Personal Key Indicators of Heart Disease (2022),xgboost,XGBoost,1,State_Virginia,0.0006016878178343177,97
dataset1,Personal Key Indicators of Heart Disease (2022),xgboost,XGBoost,1,State_Georgia,0.0005443116533569992,98
dataset1,Personal Key Indicators of Heart Disease (2022),xgboost,XGBoost,1,State_North_Dakota,0.0005315099842846394,99
dataset1,Personal Key Indicators of Heart Disease (2022),xgboost,XGBoost,1,State_California,0.0004727834020741284,100
dataset1,Personal Key Indicators of Heart Disease (2022),xgboost,XGBoost,1,State_Alaska,0.00042764897807501256,101
dataset1,Personal Key Indicators of Heart Disease (2022),xgboost,XGBoost,1,State_Kansas,0.00040722842095419765,102
dataset1,Personal Key Indicators of Heart Disease (2022),xgboost,XGBoost,1,SmokerStatus_Current_smoker_now_smokes_some_days,0.00038078957004472613,103
dataset1,Personal Key Indicators of Heart Disease (2022),xgboost,XGBoost,1,HadDiabetes_Yes_but_only_during_pregnancy_female_,0.00034966468228958547,104
dataset1,Personal Key Indicators of Heart Disease (2022),xgboost,XGBoost,1,State_Oregon,0.00033817702205851674,105
dataset1,Personal Key Indicators of Heart Disease (2022),xgboost,XGBoost,1,State_Kentucky,0.00029345639632083476,106
dataset1,Personal Key Indicators of Heart Disease (2022),xgboost,XGBoost,1,State_Nebraska,0.00028113805456086993,107
dataset1,Personal Key Indicators of Heart Disease (2022),xgboost,XGBoost,1,ECigaretteUsage_Use_them_some_days,0.0002782479568850249,108
dataset1,Personal Key Indicators of Heart Disease (2022),xgboost,XGBoost,1,State_Nevada,0.00022339413408190012,109
dataset1,Personal Key Indicators of Heart Disease (2022),xgboost,XGBoost,1,State_Alabama,0.0002009465970331803,110
dataset1,Personal Key Indicators of Heart Disease (2022),xgboost,XGBoost,1,State_Iowa,0.00019552864250726998,111
dataset1,Personal Key Indicators of Heart Disease (2022),xgboost,XGBoost,1,State_Pennsylvania,0.00018378293316345662,112
dataset1,Personal Key Indicators of Heart Disease (2022),xgboost,XGBoost,1,State_Idaho,0.00018083532631862909,113
dataset1,Personal Key Indicators of Heart Disease (2022),xgboost,XGBoost,1,State_Wisconsin,0.00017967462190426886,114
dataset1,Personal Key Indicators of Heart Disease (2022),xgboost,XGBoost,1,State_Guam,0.00016386016795877367,115
dataset1,Personal Key Indicators of Heart Disease (2022),xgboost,XGBoost,1,State_Michigan,0.00014310842379927635,116
dataset1,Personal Key Indicators of Heart Disease (2022),xgboost,XGBoost,1,State_Florida,0.00014232724788598716,117
dataset1,Personal Key Indicators of Heart Disease (2022),xgboost,XGBoost,1,State_Utah,0.00013553503958974034,118
dataset1,Personal Key Indicators of Heart Disease (2022),xgboost,XGBoost,1,State_West_Virginia,0.00012624976807273924,119
dataset1,Personal Key Indicators of Heart Disease (2022),xgboost,XGBoost,1,State_Indiana,0.00011507847375469282,120
dataset1,Personal Key Indicators of Heart Disease (2022),xgboost,XGBoost,1,HadDiabetes_No_pre_diabetes_or_borderline_diabetes,0.00011470550089143217,121
dataset1,Personal Key Indicators of Heart Disease (2022),xgboost,XGBoost,1,State_New_Mexico,0.00011320028715999797,122
dataset1,Personal Key Indicators of Heart Disease (2022),xgboost,XGBoost,1,State_Rhode_Island,0.00011128204641863704,123
dataset1,Personal Key Indicators of Heart Disease (2022),xgboost,XGBoost,1,State_Connecticut,9.682856762083247e-05,124
dataset1,Personal Key Indicators of Heart Disease (2022),xgboost,XGBoost,1,State_Louisiana,8.281966438516974e-05,125
dataset1,Personal Key Indicators of Heart Disease (2022),xgboost,XGBoost,1,State_Montana,8.27846524771303e-05,126
dataset1,Personal Key Indicators of Heart Disease (2022),xgboost,XGBoost,1,State_North_Carolina,7.744305185042322e-05,127
dataset1,Personal Key Indicators of Heart Disease (2022),xgboost,XGBoost,1,State_Missouri,3.915237175533548e-05,128
dataset1,Personal Key Indicators of Heart Disease (2022),xgboost,XGBoost,1,State_Wyoming,6.4196819948847406e-06,129
dataset1,Personal Key Indicators of Heart Disease (2022),xgboost,XGBoost,1,State_Arkansas,0.0,130
dataset1,Personal Key Indicators of Heart Disease (2022),xgboost,XGBoost,1,State_Virgin_Islands,0.0,131
dataset1,Personal Key Indicators of Heart Disease (2022),xgboost,XGBoost,2,HadAngina,0.709240734577179,1
dataset1,Personal Key Indicators of Heart Disease (2022),xgboost,XGBoost,2,ChestScan,0.3039240539073944,2
dataset1,Personal Key Indicators of Heart Disease (2022),xgboost,XGBoost,2,Sex,0.27913814783096313,3
dataset1,Personal Key Indicators of Heart Disease (2022),xgboost,XGBoost,2,RemovedTeeth_None_of_them,0.17801667749881744,4
dataset1,Personal Key Indicators of Heart Disease (2022),xgboost,XGBoost,2,GeneralHealth_Very_good,0.15242451429367065,5
dataset1,Personal Key Indicators of Heart Disease (2022),xgboost,XGBoost,2,AgeCategory_Age_18_to_24,0.1389257311820984,6
dataset1,Personal Key Indicators of Heart Disease (2022),xgboost,XGBoost,2,HadStroke,0.12536939978599548,7
dataset1,Personal Key Indicators of Heart Disease (2022),xgboost,XGBoost,2,AgeCategory_Age_80_or_older,0.10549647361040115,8
dataset1,Personal Key Indicators of Heart Disease (2022),xgboost,XGBoost,2,GeneralHealth_Excellent,0.10430442541837692,9
dataset1,Personal Key Indicators of Heart Disease (2022),xgboost,XGBoost,2,HadDiabetes_Yes,0.10242877155542374,10
dataset1,Personal Key Indicators of Heart Disease (2022),xgboost,XGBoost,2,SmokerStatus_Never_smoked,0.09308291226625443,11
dataset1,Personal Key Indicators of Heart Disease (2022),xgboost,XGBoost,2,DifficultyWalking,0.0922398492693901,12
dataset1,Personal Key Indicators of Heart Disease (2022),xgboost,XGBoost,2,AgeCategory_Age_30_to_34,0.09137146919965744,13
dataset1,Personal Key Indicators of Heart Disease (2022),xgboost,XGBoost,2,HadArthritis,0.0684642344713211,14
dataset1,Personal Key Indicators of Heart Disease (2022),xgboost,XGBoost,2,AgeCategory_Age_40_to_44,0.06393395364284515,15
dataset1,Personal Key Indicators of Heart Disease (2022),xgboost,XGBoost,2,AgeCategory_Age_35_to_39,0.06358140707015991,16
dataset1,Personal Key Indicators of Heart Disease (2022),xgboost,XGBoost,2,LastCheckupTime_Within_past_year_anytime_less_than_12_months_ago_,0.06283314526081085,17
dataset1,Personal Key Indicators of Heart Disease (2022),xgboost,XGBoost,2,AgeCategory_Age_25_to_29,0.06052577868103981,18
dataset1,Personal Key Indicators of Heart Disease (2022),xgboost,XGBoost,2,AgeCategory_Age_75_to_79,0.060144759714603424,19
dataset1,Personal Key Indicators of Heart Disease (2022),xgboost,XGBoost,2,RemovedTeeth_1_to_5,0.060126811265945435,20
dataset1,Personal Key Indicators of Heart Disease (2022),xgboost,XGBoost,2,HadCOPD,0.059066642075777054,21
dataset1,Personal Key Indicators of Heart Disease (2022),xgboost,XGBoost,2,SleepHours,0.05397378280758858,22
dataset1,Personal Key Indicators of Heart Disease (2022),xgboost,XGBoost,2,TetanusLast10Tdap_No_did_not_receive_any_tetanus_shot_in_the_past_10_years,0.04912431538105011,23
dataset1,Personal Key Indicators of Heart Disease (2022),xgboost,XGBoost,2,AlcoholDrinkers,0.0490717738866806,24
dataset1,Personal Key Indicators of Heart Disease (2022),xgboost,XGBoost,2,AgeCategory_Age_70_to_74,0.04487259313464165,25
dataset1,Personal Key Indicators of Heart Disease (2022),xgboost,XGBoost,2,PhysicalHealthDays,0.039654187858104706,26
dataset1,Personal Key Indicators of Heart Disease (2022),xgboost,XGBoost,2,MentalHealthDays,0.03315088525414467,27
dataset1,Personal Key Indicators of Heart Disease (2022),xgboost,XGBoost,2,AgeCategory_Age_45_to_49,0.03085174411535263,28
dataset1,Personal Key Indicators of Heart Disease (2022),xgboost,XGBoost,2,GeneralHealth_Good,0.03069961629807949,29
dataset1,Personal Key Indicators of Heart Disease (2022),xgboost,XGBoost,2,DeafOrHardOfHearing,0.030039427801966667,30
dataset1,Personal Key Indicators of Heart Disease (2022),xgboost,XGBoost,2,HadKidneyDisease,0.029128096997737885,31
dataset1,Personal Key Indicators of Heart Disease (2022),xgboost,XGBoost,2,GeneralHealth_Fair,0.02902287244796753,32
dataset1,Personal Key Indicators of Heart Disease (2022),xgboost,XGBoost,2,BMI,0.02816392108798027,33
dataset1,Personal Key Indicators of Heart Disease (2022),xgboost,XGBoost,2,WeightInKilograms,0.02781904861330986,34
dataset1,Personal Key Indicators of Heart Disease (2022),xgboost,XGBoost,2,HadDiabetes_No,0.026519333943724632,35
dataset1,Personal Key Indicators of Heart Disease (2022),xgboost,XGBoost,2,HIVTesting,0.026089806109666824,36
dataset1,Personal Key Indicators of Heart Disease (2022),xgboost,XGBoost,2,TetanusLast10Tdap_Yes_received_Tdap,0.024564478546380997,37
dataset1,Personal Key Indicators of Heart Disease (2022),xgboost,XGBoost,2,AgeCategory_Age_50_to_54,0.023662744089961052,38
dataset1,Personal Key Indicators of Heart Disease (2022),xgboost,XGBoost,2,RemovedTeeth_All,0.022820785641670227,39
dataset1,Personal Key Indicators of Heart Disease (2022),xgboost,XGBoost,2,CovidPos_Tested_positive_using_home_test_without_a_health_professional,0.02134108729660511,40
dataset1,Personal Key Indicators of Heart Disease (2022),xgboost,XGBoost,2,BlindOrVisionDifficulty,0.02130967378616333,41
dataset1,Personal Key Indicators of Heart Disease (2022),xgboost,XGBoost,2,GeneralHealth_Poor,0.020682787522673607,42
dataset1,Personal Key Indicators of Heart Disease (2022),xgboost,XGBoost,2,RaceEthnicityCategory_Black_only_Non_Hispanic,0.01978330686688423,43
dataset1,Personal Key Indicators of Heart Disease (2022),xgboost,XGBoost,2,HeightInMeters,0.017568031325936317,44
dataset1,Personal Key Indicators of Heart Disease (2022),xgboost,XGBoost,2,SmokerStatus_Current_smoker_now_smokes_every_day,0.015506566502153873,45
dataset1,Personal Key Indicators of Heart Disease (2022),xgboost,XGBoost,2,PhysicalActivities,0.013415178284049034,46
dataset1,Personal Key Indicators of Heart Disease (2022),xgboost,XGBoost,2,CovidPos_No,0.013310220092535019,47
dataset1,Personal Key Indicators of Heart Disease (2022),xgboost,XGBoost,2,HadDepressiveDisorder,0.01207312848418951,48
dataset1,Personal Key Indicators of Heart Disease (2022),xgboost,XGBoost,2,PneumoVaxEver,0.008456636220216751,49
dataset1,Personal Key Indicators of Heart Disease (2022),xgboost,XGBoost,2,HadAsthma,0.008208788931369781,50
dataset1,Personal Key Indicators of Heart Disease (2022),xgboost,XGBoost,2,AgeCategory_Age_55_to_59,0.00800851546227932,51
dataset1,Personal Key Indicators of Heart Disease (2022),xgboost,XGBoost,2,DifficultyConcentrating,0.007630150765180588,52
dataset1,Personal Key Indicators of Heart Disease (2022),xgboost,XGBoost,2,FluVaxLast12,0.006286356598138809,53
dataset1,Personal Key Indicators of Heart Disease (2022),xgboost,XGBoost,2,RaceEthnicityCategory_Multiracial_Non_Hispanic,0.00513810757547617,54
dataset1,Personal Key Indicators of Heart Disease (2022),xgboost,XGBoost,2,State_Washington,0.004552857484668493,55
dataset1,Personal Key Indicators of Heart Disease (2022),xgboost,XGBoost,2,RaceEthnicityCategory_White_only_Non_Hispanic,0.004495862405747175,56
dataset1,Personal Key Indicators of Heart Disease (2022),xgboost,XGBoost,2,State_New_York,0.004257143009454012,57
dataset1,Personal Key Indicators of Heart Disease (2022),xgboost,XGBoost,2,State_South_Dakota,0.00418813806027174,58
dataset1,Personal Key Indicators of Heart Disease (2022),xgboost,XGBoost,2,State_New_Jersey,0.004177824128419161,59
dataset1,Personal Key Indicators of Heart Disease (2022),xgboost,XGBoost,2,RemovedTeeth_6_or_more_but_not_all,0.002888222225010395,60
dataset1,Personal Key Indicators of Heart Disease (2022),xgboost,XGBoost,2,State_North_Dakota,0.002856271341443062,61
dataset1,Personal Key Indicators of Heart Disease (2022),xgboost,XGBoost,2,State_Puerto_Rico,0.0028462610207498074,62
dataset1,Personal Key Indicators of Heart Disease (2022),xgboost,XGBoost,2,AgeCategory_Age_65_to_69,0.0028265577275305986,63
dataset1,Personal Key Indicators of Heart Disease (2022),xgboost,XGBoost,2,State_Maine,0.0027650804258883,64
dataset1,Personal Key Indicators of Heart Disease (2022),xgboost,XGBoost,2,State_Colorado,0.002599635161459446,65
dataset1,Personal Key Indicators of Heart Disease (2022),xgboost,XGBoost,2,State_Maryland,0.0025461409240961075,66
dataset1,Personal Key Indicators of Heart Disease (2022),xgboost,XGBoost,2,DifficultyErrands,0.002453909255564213,67
dataset1,Personal Key Indicators of Heart Disease (2022),xgboost,XGBoost,2,HadSkinCancer,0.002447332488372922,68
dataset1,Personal Key Indicators of Heart Disease (2022),xgboost,XGBoost,2,LastCheckupTime_5_or_more_years_ago,0.0023503140546381474,69
dataset1,Personal Key Indicators of Heart Disease (2022),xgboost,XGBoost,2,LastCheckupTime_Within_past_5_years_2_years_but_less_than_5_years_ago_,0.0022615776397287846,70
dataset1,Personal Key Indicators of Heart Disease (2022),xgboost,XGBoost,2,ECigaretteUsage_Not_at_all_right_now_,0.002079398138448596,71
dataset1,Personal Key Indicators of Heart Disease (2022),xgboost,XGBoost,2,AgeCategory_Age_60_to_64,0.0020436446648091078,72
dataset1,Personal Key Indicators of Heart Disease (2022),xgboost,XGBoost,2,State_Illinois,0.002021734369918704,73
dataset1,Personal Key Indicators of Heart Disease (2022),xgboost,XGBoost,2,State_Texas,0.001970465062186122,74
dataset1,Personal Key Indicators of Heart Disease (2022),xgboost,XGBoost,2,State_Hawaii,0.0018337517976760864,75
dataset1,Personal Key Indicators of Heart Disease (2022),xgboost,XGBoost,2,ECigaretteUsage_Use_them_some_days,0.0017994502559304237,76
dataset1,Personal Key Indicators of Heart Disease (2022),xgboost,XGBoost,2,State_Minnesota,0.0015834846999496222,77
dataset1,Personal Key Indicators of Heart Disease (2022),xgboost,XGBoost,2,State_South_Carolina,0.0015574406133964658,78
dataset1,Personal Key Indicators of Heart Disease (2022),xgboost,XGBoost,2,RaceEthnicityCategory_Other_race_only_Non_Hispanic,0.0015550261596217752,79
dataset1,Personal Key Indicators of Heart Disease (2022),xgboost,XGBoost,2,State_Delaware,0.0015420266427099705,80
dataset1,Personal Key Indicators of Heart Disease (2022),xgboost,XGBoost,2,LastCheckupTime_Within_past_2_years_1_year_but_less_than_2_years_ago_,0.001519722049124539,81
dataset1,Personal Key Indicators of Heart Disease (2022),xgboost,XGBoost,2,State_Ohio,0.001515626790933311,82
dataset1,Personal Key Indicators of Heart Disease (2022),xgboost,XGBoost,2,ECigaretteUsage_Never_used_e_cigarettes_in_my_entire_life,0.0015140094328671694,83
dataset1,Personal Key Indicators of Heart Disease (2022),xgboost,XGBoost,2,State_Kansas,0.0014580199494957924,84
dataset1,Personal Key Indicators of Heart Disease (2022),xgboost,XGBoost,2,SmokerStatus_Current_smoker_now_smokes_some_days,0.0014092352939769626,85
dataset1,Personal Key Indicators of Heart Disease (2022),xgboost,XGBoost,2,RaceEthnicityCategory_Hispanic,0.001218761084601283,86
dataset1,Personal Key Indicators of Heart Disease (2022),xgboost,XGBoost,2,State_Indiana,0.0011356427567079663,87
dataset1,Personal Key Indicators of Heart Disease (2022),xgboost,XGBoost,2,State_Utah,0.0010926761897280812,88
dataset1,Personal Key Indicators of Heart Disease (2022),xgboost,XGBoost,2,State_New_Hampshire,0.0010308155324310064,89
dataset1,Personal Key Indicators of Heart Disease (2022),xgboost,XGBoost,2,State_Florida,0.000982053461484611,90
dataset1,Personal Key Indicators of Heart Disease (2022),xgboost,XGBoost,2,DifficultyDressingBathing,0.0007237059762701392,91
dataset1,Personal Key Indicators of Heart Disease (2022),xgboost,XGBoost,2,HighRiskLastYear,0.000686371757183224,92
dataset1,Personal Key Indicators of Heart Disease (2022),xgboost,XGBoost,2,State_Nevada,0.0006778051028959453,93
dataset1,Personal Key Indicators of Heart Disease (2022),xgboost,XGBoost,2,SmokerStatus_Former_smoker,0.0006713911425322294,94
dataset1,Personal Key Indicators of Heart Disease (2022),xgboost,XGBoost,2,State_California,0.0006703743129037321,95
dataset1,Personal Key Indicators of Heart Disease (2022),xgboost,XGBoost,2,State_Oklahoma,0.0006622457294724882,96
dataset1,Personal Key Indicators of Heart Disease (2022),xgboost,XGBoost,2,State_Montana,0.000636139651760459,97
dataset1,Personal Key Indicators of Heart Disease (2022),xgboost,XGBoost,2,TetanusLast10Tdap_Yes_received_tetanus_shot_but_not_sure_what_type,0.0006053180550225079,98
dataset1,Personal Key Indicators of Heart Disease (2022),xgboost,XGBoost,2,State_District_of_Columbia,0.0005452522891573608,99
dataset1,Personal Key Indicators of Heart Disease (2022),xgboost,XGBoost,2,State_Pennsylvania,0.0005408954457379878,100
dataset1,Personal Key Indicators of Heart Disease (2022),xgboost,XGBoost,2,State_Louisiana,0.0005153738893568516,101
dataset1,Personal Key Indicators of Heart Disease (2022),xgboost,XGBoost,2,State_Kentucky,0.000511043646838516,102
dataset1,Personal Key Indicators of Heart Disease (2022),xgboost,XGBoost,2,State_Virginia,0.0005110199563205242,103
dataset1,Personal Key Indicators of Heart Disease (2022),xgboost,XGBoost,2,State_West_Virginia,0.0005043931887485087,104
dataset1,Personal Key Indicators of Heart Disease (2022),xgboost,XGBoost,2,State_Georgia,0.00048560064169578254,105
dataset1,Personal Key Indicators of Heart Disease (2022),xgboost,XGBoost,2,State_Vermont,0.00047542635002173483,106
dataset1,Personal Key Indicators of Heart Disease (2022),xgboost,XGBoost,2,State_North_Carolina,0.0004644961154554039,107
dataset1,Personal Key Indicators of Heart Disease (2022),xgboost,XGBoost,2,State_Massachusetts,0.0004530378500930965,108
dataset1,Personal Key Indicators of Heart Disease (2022),xgboost,XGBoost,2,ECigaretteUsage_Use_them_every_day,0.0004312906530685723,109
dataset1,Personal Key Indicators of Heart Disease (2022),xgboost,XGBoost,2,State_Rhode_Island,0.00038463316741399467,110
dataset1,Personal Key Indicators of Heart Disease (2022),xgboost,XGBoost,2,State_Mississippi,0.00036799494409933686,111
dataset1,Personal Key Indicators of Heart Disease (2022),xgboost,XGBoost,2,State_Guam,0.0003625125391408801,112
dataset1,Personal Key Indicators of Heart Disease (2022),xgboost,XGBoost,2,TetanusLast10Tdap_Yes_received_tetanus_shot_but_not_Tdap,0.0003483149048406631,113
dataset1,Personal Key Indicators of Heart Disease (2022),xgboost,XGBoost,2,State_Connecticut,0.00034820486325770617,114
dataset1,Personal Key Indicators of Heart Disease (2022),xgboost,XGBoost,2,State_Wisconsin,0.0003413392696529627,115
dataset1,Personal Key Indicators of Heart Disease (2022),xgboost,XGBoost,2,State_Tennessee,0.00031410931842401624,116
dataset1,Personal Key Indicators of Heart Disease (2022),xgboost,XGBoost,2,HadDiabetes_Yes_but_only_during_pregnancy_female_,0.000313054071739316,117
dataset1,Personal Key Indicators of Heart Disease (2022),xgboost,XGBoost,2,State_Arkansas,0.00027862779097631574,118
dataset1,Personal Key Indicators of Heart Disease (2022),xgboost,XGBoost,2,State_Iowa,0.00024162275076378137,119
dataset1,Personal Key Indicators of Heart Disease (2022),xgboost,XGBoost,2,State_Nebraska,0.00024126199423335493,120
dataset1,Personal Key Indicators of Heart Disease (2022),xgboost,XGBoost,2,HadDiabetes_No_pre_diabetes_or_borderline_diabetes,0.0001924051030073315,121
dataset1,Personal Key Indicators of Heart Disease (2022),xgboost,XGBoost,2,State_Michigan,0.0001833142014220357,122
dataset1,Personal Key Indicators of Heart Disease (2022),xgboost,XGBoost,2,State_Alabama,0.00016087648691609502,123
dataset1,Personal Key Indicators of Heart Disease (2022),xgboost,XGBoost,2,State_Arizona,0.0001498850033385679,124
dataset1,Personal Key Indicators of Heart Disease (2022),xgboost,XGBoost,2,State_Alaska,0.0001439214393030852,125
dataset1,Personal Key Indicators of Heart Disease (2022),xgboost,XGBoost,2,State_New_Mexico,0.00012402325228322297,126
dataset1,Personal Key Indicators of Heart Disease (2022),xgboost,XGBoost,2,State_Idaho,0.00010737899719970301,127
dataset1,Personal Key Indicators of Heart Disease (2022),xgboost,XGBoost,2,State_Oregon,0.0001000672928057611,128
dataset1,Personal Key Indicators of Heart Disease (2022),xgboost,XGBoost,2,State_Missouri,8.567883924115449e-05,129
dataset1,Personal Key Indicators of Heart Disease (2022),xgboost,XGBoost,2,State_Virgin_Islands,1.7147416656371206e-05,130
dataset1,Personal Key Indicators of Heart Disease (2022),xgboost,XGBoost,2,State_Wyoming,3.010543196069193e-06,131
dataset1,Personal Key Indicators of Heart Disease (2022),xgboost,XGBoost,3,HadAngina,0.7029255628585815,1
dataset1,Personal Key Indicators of Heart Disease (2022),xgboost,XGBoost,3,ChestScan,0.29957616329193115,2
dataset1,Personal Key Indicators of Heart Disease (2022),xgboost,XGBoost,3,Sex,0.290675550699234,3
dataset1,Personal Key Indicators of Heart Disease (2022),xgboost,XGBoost,3,RemovedTeeth_None_of_them,0.1673317700624466,4
dataset1,Personal Key Indicators of Heart Disease (2022),xgboost,XGBoost,3,HadStroke,0.13685299456119537,5
dataset1,Personal Key Indicators of Heart Disease (2022),xgboost,XGBoost,3,GeneralHealth_Very_good,0.13160614669322968,6
dataset1,Personal Key Indicators of Heart Disease (2022),xgboost,XGBoost,3,AgeCategory_Age_80_or_older,0.11443518847227097,7
dataset1,Personal Key Indicators of Heart Disease (2022),xgboost,XGBoost,3,GeneralHealth_Excellent,0.11106017231941223,8
dataset1,Personal Key Indicators of Heart Disease (2022),xgboost,XGBoost,3,AgeCategory_Age_18_to_24,0.09792013466358185,9
dataset1,Personal Key Indicators of Heart Disease (2022),xgboost,XGBoost,3,HadDiabetes_Yes,0.08641006797552109,10
dataset1,Personal Key Indicators of Heart Disease (2022),xgboost,XGBoost,3,SmokerStatus_Never_smoked,0.08163095265626907,11
dataset1,Personal Key Indicators of Heart Disease (2022),xgboost,XGBoost,3,AgeCategory_Age_40_to_44,0.07958216220140457,12
dataset1,Personal Key Indicators of Heart Disease (2022),xgboost,XGBoost,3,DifficultyWalking,0.0742194801568985,13
dataset1,Personal Key Indicators of Heart Disease (2022),xgboost,XGBoost,3,AgeCategory_Age_25_to_29,0.07302024960517883,14
dataset1,Personal Key Indicators of Heart Disease (2022),xgboost,XGBoost,3,AgeCategory_Age_75_to_79,0.06937883049249649,15
dataset1,Personal Key Indicators of Heart Disease (2022),xgboost,XGBoost,3,AgeCategory_Age_30_to_34,0.06514131277799606,16
dataset1,Personal Key Indicators of Heart Disease (2022),xgboost,XGBoost,3,HadArthritis,0.06403043866157532,17
dataset1,Personal Key Indicators of Heart Disease (2022),xgboost,XGBoost,3,AgeCategory_Age_70_to_74,0.058499500155448914,18
dataset1,Personal Key Indicators of Heart Disease (2022),xgboost,XGBoost,3,AgeCategory_Age_35_to_39,0.0583132803440094,19
dataset1,Personal Key Indicators of Heart Disease (2022),xgboost,XGBoost,3,LastCheckupTime_Within_past_year_anytime_less_than_12_months_ago_,0.056173235177993774,20
dataset1,Personal Key Indicators of Heart Disease (2022),xgboost,XGBoost,3,RemovedTeeth_1_to_5,0.053464312106370926,21
dataset1,Personal Key Indicators of Heart Disease (2022),xgboost,XGBoost,3,AlcoholDrinkers,0.052862219512462616,22
dataset1,Personal Key Indicators of Heart Disease (2022),xgboost,XGBoost,3,HadCOPD,0.051460761576890945,23
dataset1,Personal Key Indicators of Heart Disease (2022),xgboost,XGBoost,3,SleepHours,0.050900861620903015,24
dataset1,Personal Key Indicators of Heart Disease (2022),xgboost,XGBoost,3,GeneralHealth_Fair,0.04470513388514519,25
dataset1,Personal Key Indicators of Heart Disease (2022),xgboost,XGBoost,3,GeneralHealth_Poor,0.03825515881180763,26
dataset1,Personal Key Indicators of Heart Disease (2022),xgboost,XGBoost,3,HadDiabetes_No,0.03730155527591705,27
dataset1,Personal Key Indicators of Heart Disease (2022),xgboost,XGBoost,3,TetanusLast10Tdap_No_did_not_receive_any_tetanus_shot_in_the_past_10_years,0.036611899733543396,28
dataset1,Personal Key Indicators of Heart Disease (2022),xgboost,XGBoost,3,TetanusLast10Tdap_Yes_received_Tdap,0.03626082092523575,29
dataset1,Personal Key Indicators of Heart Disease (2022),xgboost,XGBoost,3,RemovedTeeth_All,0.03482047840952873,30
dataset1,Personal Key Indicators of Heart Disease (2022),xgboost,XGBoost,3,PhysicalHealthDays,0.03260708972811699,31
dataset1,Personal Key Indicators of Heart Disease (2022),xgboost,XGBoost,3,AgeCategory_Age_45_to_49,0.030818870291113853,32
dataset1,Personal Key Indicators of Heart Disease (2022),xgboost,XGBoost,3,MentalHealthDays,0.029467223212122917,33
dataset1,Personal Key Indicators of Heart Disease (2022),xgboost,XGBoost,3,HIVTesting,0.02861654758453369,34
dataset1,Personal Key Indicators of Heart Disease (2022),xgboost,XGBoost,3,HadKidneyDisease,0.02634819597005844,35
dataset1,Personal Key Indicators of Heart Disease (2022),xgboost,XGBoost,3,SmokerStatus_Current_smoker_now_smokes_every_day,0.023110942915081978,36
dataset1,Personal Key Indicators of Heart Disease (2022),xgboost,XGBoost,3,RaceEthnicityCategory_Black_only_Non_Hispanic,0.023020856082439423,37
dataset1,Personal Key Indicators of Heart Disease (2022),xgboost,XGBoost,3,DeafOrHardOfHearing,0.023019395768642426,38
dataset1,Personal Key Indicators of Heart Disease (2022),xgboost,XGBoost,3,PhysicalActivities,0.022378649562597275,39
dataset1,Personal Key Indicators of Heart Disease (2022),xgboost,XGBoost,3,WeightInKilograms,0.02154514379799366,40
dataset1,Personal Key Indicators of Heart Disease (2022),xgboost,XGBoost,3,BMI,0.020021922886371613,41
dataset1,Personal Key Indicators of Heart Disease (2022),xgboost,XGBoost,3,HeightInMeters,0.01737242564558983,42
dataset1,Personal Key Indicators of Heart Disease (2022),xgboost,XGBoost,3,CovidPos_No,0.016985252499580383,43
dataset1,Personal Key Indicators of Heart Disease (2022),xgboost,XGBoost,3,PneumoVaxEver,0.01681365631520748,44
dataset1,Personal Key Indicators of Heart Disease (2022),xgboost,XGBoost,3,BlindOrVisionDifficulty,0.016204724088311195,45
dataset1,Personal Key Indicators of Heart Disease (2022),xgboost,XGBoost,3,AgeCategory_Age_50_to_54,0.015261905267834663,46
dataset1,Personal Key Indicators of Heart Disease (2022),xgboost,XGBoost,3,CovidPos_Tested_positive_using_home_test_without_a_health_professional,0.013009564019739628,47
dataset1,Personal Key Indicators of Heart Disease (2022),xgboost,XGBoost,3,HadDepressiveDisorder,0.010439690202474594,48
dataset1,Personal Key Indicators of Heart Disease (2022),xgboost,XGBoost,3,AgeCategory_Age_65_to_69,0.010311180725693703,49
dataset1,Personal Key Indicators of Heart Disease (2022),xgboost,XGBoost,3,DifficultyConcentrating,0.009266703389585018,50
dataset1,Personal Key Indicators of Heart Disease (2022),xgboost,XGBoost,3,GeneralHealth_Good,0.009013514965772629,51
dataset1,Personal Key Indicators of Heart Disease (2022),xgboost,XGBoost,3,HadAsthma,0.00897164549678564,52
dataset1,Personal Key Indicators of Heart Disease (2022),xgboost,XGBoost,3,AgeCategory_Age_55_to_59,0.008185524493455887,53
dataset1,Personal Key Indicators of Heart Disease (2022),xgboost,XGBoost,3,DifficultyErrands,0.0077355713583528996,54
dataset1,Personal Key Indicators of Heart Disease (2022),xgboost,XGBoost,3,FluVaxLast12,0.005786084569990635,55
dataset1,Personal Key Indicators of Heart Disease (2022),xgboost,XGBoost,3,HadSkinCancer,0.004749584011733532,56
dataset1,Personal Key Indicators of Heart Disease (2022),xgboost,XGBoost,3,State_New_Jersey,0.004602963104844093,57
dataset1,Personal Key Indicators of Heart Disease (2022),xgboost,XGBoost,3,State_Maryland,0.004405361134558916,58
dataset1,Personal Key Indicators of Heart Disease (2022),xgboost,XGBoost,3,RaceEthnicityCategory_White_only_Non_Hispanic,0.004195971414446831,59
dataset1,Personal Key Indicators of Heart Disease (2022),xgboost,XGBoost,3,State_Maine,0.0035726313944905996,60
dataset1,Personal Key Indicators of Heart Disease (2022),xgboost,XGBoost,3,TetanusLast10Tdap_Yes_received_tetanus_shot_but_not_sure_what_type,0.003542534774169326,61
dataset1,Personal Key Indicators of Heart Disease (2022),xgboost,XGBoost,3,RaceEthnicityCategory_Multiracial_Non_Hispanic,0.0034979127813130617,62
dataset1,Personal Key Indicators of Heart Disease (2022),xgboost,XGBoost,3,State_New_York,0.003282539313659072,63
dataset1,Personal Key Indicators of Heart Disease (2022),xgboost,XGBoost,3,State_Illinois,0.0029399788472801447,64
dataset1,Personal Key Indicators of Heart Disease (2022),xgboost,XGBoost,3,State_Washington,0.002938194666057825,65
dataset1,Personal Key Indicators of Heart Disease (2022),xgboost,XGBoost,3,State_Arizona,0.002712851157411933,66
dataset1,Personal Key Indicators of Heart Disease (2022),xgboost,XGBoost,3,ECigaretteUsage_Not_at_all_right_now_,0.0025563868694007397,67
dataset1,Personal Key Indicators of Heart Disease (2022),xgboost,XGBoost,3,State_Colorado,0.0024930897634476423,68
dataset1,Personal Key Indicators of Heart Disease (2022),xgboost,XGBoost,3,State_South_Dakota,0.0023202071897685528,69
dataset1,Personal Key Indicators of Heart Disease (2022),xgboost,XGBoost,3,TetanusLast10Tdap_Yes_received_tetanus_shot_but_not_Tdap,0.0021919170394539833,70
dataset1,Personal Key Indicators of Heart Disease (2022),xgboost,XGBoost,3,LastCheckupTime_5_or_more_years_ago,0.0021848410833626986,71
dataset1,Personal Key Indicators of Heart Disease (2022),xgboost,XGBoost,3,SmokerStatus_Former_smoker,0.0020303467754274607,72
dataset1,Personal Key Indicators of Heart Disease (2022),xgboost,XGBoost,3,ECigaretteUsage_Never_used_e_cigarettes_in_my_entire_life,0.0019771226216107607,73
dataset1,Personal Key Indicators of Heart Disease (2022),xgboost,XGBoost,3,State_Puerto_Rico,0.0019263227004557848,74
dataset1,Personal Key Indicators of Heart Disease (2022),xgboost,XGBoost,3,State_New_Hampshire,0.0018644118681550026,75
dataset1,Personal Key Indicators of Heart Disease (2022),xgboost,XGBoost,3,State_Missouri,0.0017612921074032784,76
dataset1,Personal Key Indicators of Heart Disease (2022),xgboost,XGBoost,3,State_Massachusetts,0.001685447059571743,77
dataset1,Personal Key Indicators of Heart Disease (2022),xgboost,XGBoost,3,State_District_of_Columbia,0.00149780313950032,78
dataset1,Personal Key Indicators of Heart Disease (2022),xgboost,XGBoost,3,State_Texas,0.0014606255572289228,79
dataset1,Personal Key Indicators of Heart Disease (2022),xgboost,XGBoost,3,AgeCategory_Age_60_to_64,0.0014488906599581242,80
dataset1,Personal Key Indicators of Heart Disease (2022),xgboost,XGBoost,3,State_Delaware,0.0014382570516318083,81
dataset1,Personal Key Indicators of Heart Disease (2022),xgboost,XGBoost,3,RemovedTeeth_6_or_more_but_not_all,0.0012589418329298496,82
dataset1,Personal Key Indicators of Heart Disease (2022),xgboost,XGBoost,3,RaceEthnicityCategory_Hispanic,0.0012515685521066189,83
dataset1,Personal Key Indicators of Heart Disease (2022),xgboost,XGBoost,3,SmokerStatus_Current_smoker_now_smokes_some_days,0.0012296416098251939,84
dataset1,Personal Key Indicators of Heart Disease (2022),xgboost,XGBoost,3,RaceEthnicityCategory_Other_race_only_Non_Hispanic,0.0011043462436646223,85
dataset1,Personal Key Indicators of Heart Disease (2022),xgboost,XGBoost,3,State_Florida,0.001090792822651565,86
dataset1,Personal Key Indicators of Heart Disease (2022),xgboost,XGBoost,3,HadDiabetes_No_pre_diabetes_or_borderline_diabetes,0.001060262555256486,87
dataset1,Personal Key Indicators of Heart Disease (2022),xgboost,XGBoost,3,State_Indiana,0.0008403605897910893,88
dataset1,Personal Key Indicators of Heart Disease (2022),xgboost,XGBoost,3,State_Hawaii,0.0008365497924387455,89
dataset1,Personal Key Indicators of Heart Disease (2022),xgboost,XGBoost,3,State_Vermont,0.0008314950973726809,90
dataset1,Personal Key Indicators of Heart Disease (2022),xgboost,XGBoost,3,LastCheckupTime_Within_past_2_years_1_year_but_less_than_2_years_ago_,0.0008229792583733797,91
dataset1,Personal Key Indicators of Heart Disease (2022),xgboost,XGBoost,3,State_Tennessee,0.0007843169732950628,92
dataset1,Personal Key Indicators of Heart Disease (2022),xgboost,XGBoost,3,State_Oklahoma,0.000772748317103833,93
dataset1,Personal Key Indicators of Heart Disease (2022),xgboost,XGBoost,3,State_South_Carolina,0.0006593135185539722,94
dataset1,Personal Key Indicators of Heart Disease (2022),xgboost,XGBoost,3,State_Kansas,0.0006365264416672289,95
dataset1,Personal Key Indicators of Heart Disease (2022),xgboost,XGBoost,3,State_Mississippi,0.0006030352669768035,96
dataset1,Personal Key Indicators of Heart Disease (2022),xgboost,XGBoost,3,State_Michigan,0.0006008208729326725,97
dataset1,Personal Key Indicators of Heart Disease (2022),xgboost,XGBoost,3,State_Minnesota,0.0005844506667926908,98
dataset1,Personal Key Indicators of Heart Disease (2022),xgboost,XGBoost,3,ECigaretteUsage_Use_them_every_day,0.0005366926197893918,99
dataset1,Personal Key Indicators of Heart Disease (2022),xgboost,XGBoost,3,State_Kentucky,0.0005344208329916,100
dataset1,Personal Key Indicators of Heart Disease (2022),xgboost,XGBoost,3,LastCheckupTime_Within_past_5_years_2_years_but_less_than_5_years_ago_,0.0005269418470561504,101
dataset1,Personal Key Indicators of Heart Disease (2022),xgboost,XGBoost,3,State_Wisconsin,0.0005257067386992276,102
dataset1,Personal Key Indicators of Heart Disease (2022),xgboost,XGBoost,3,State_Virginia,0.0005076912348158658,103
dataset1,Personal Key Indicators of Heart Disease (2022),xgboost,XGBoost,3,ECigaretteUsage_Use_them_some_days,0.0004857609164901078,104
dataset1,Personal Key Indicators of Heart Disease (2022),xgboost,XGBoost,3,State_Nevada,0.00048289127880707383,105
dataset1,Personal Key Indicators of Heart Disease (2022),xgboost,XGBoost,3,State_Connecticut,0.00046425368054769933,106
dataset1,Personal Key Indicators of Heart Disease (2022),xgboost,XGBoost,3,HighRiskLastYear,0.0004346927162259817,107
dataset1,Personal Key Indicators of Heart Disease (2022),xgboost,XGBoost,3,State_Georgia,0.0004286195617169142,108
dataset1,Personal Key Indicators of Heart Disease (2022),xgboost,XGBoost,3,DifficultyDressingBathing,0.00042406306602060795,109
dataset1,Personal Key Indicators of Heart Disease (2022),xgboost,XGBoost,3,State_Ohio,0.0003689271106850356,110
dataset1,Personal Key Indicators of Heart Disease (2022),xgboost,XGBoost,3,State_Rhode_Island,0.0003584059013519436,111
dataset1,Personal Key Indicators of Heart Disease (2022),xgboost,XGBoost,3,State_North_Dakota,0.00034931398113258183,112
dataset1,Personal Key Indicators of Heart Disease (2022),xgboost,XGBoost,3,State_Alabama,0.00034115600283257663,113
dataset1,Personal Key Indicators of Heart Disease (2022),xgboost,XGBoost,3,State_West_Virginia,0.0003075134882237762,114
dataset1,Personal Key Indicators of Heart Disease (2022),xgboost,XGBoost,3,State_Oregon,0.0002979244163725525,115
dataset1,Personal Key Indicators of Heart Disease (2022),xgboost,XGBoost,3,State_Montana,0.00022550618450623006,116
dataset1,Personal Key Indicators of Heart Disease (2022),xgboost,XGBoost,3,State_Iowa,0.00015628845721948892,117
dataset1,Personal Key Indicators of Heart Disease (2022),xgboost,XGBoost,3,State_California,0.00015077296120580286,118
dataset1,Personal Key Indicators of Heart Disease (2022),xgboost,XGBoost,3,State_Nebraska,0.00013860021135769784,119
dataset1,Personal Key Indicators of Heart Disease (2022),xgboost,XGBoost,3,State_Pennsylvania,0.00012136231816839427,120
dataset1,Personal Key Indicators of Heart Disease (2022),xgboost,XGBoost,3,State_Virgin_Islands,0.00011291503324173391,121
dataset1,Personal Key Indicators of Heart Disease (2022),xgboost,XGBoost,3,State_New_Mexico,0.00010782050230773166,122
dataset1,Personal Key Indicators of Heart Disease (2022),xgboost,XGBoost,3,State_Wyoming,7.794852717779577e-05,123
dataset1,Personal Key Indicators of Heart Disease (2022),xgboost,XGBoost,3,State_Idaho,7.519012433476746e-05,124
dataset1,Personal Key Indicators of Heart Disease (2022),xgboost,XGBoost,3,State_Guam,7.196285878308117e-05,125
dataset1,Personal Key Indicators of Heart Disease (2022),xgboost,XGBoost,3,State_North_Carolina,6.725359708070755e-05,126
dataset1,Personal Key Indicators of Heart Disease (2022),xgboost,XGBoost,3,State_Louisiana,6.637575279455632e-05,127
dataset1,Personal Key Indicators of Heart Disease (2022),xgboost,XGBoost,3,State_Alaska,4.2379801016068086e-05,128
dataset1,Personal Key Indicators of Heart Disease (2022),xgboost,XGBoost,3,State_Utah,3.7025547499069944e-05,129
dataset1,Personal Key Indicators of Heart Disease (2022),xgboost,XGBoost,3,HadDiabetes_Yes_but_only_during_pregnancy_female_,3.5514043702278286e-05,130
dataset1,Personal Key Indicators of Heart Disease (2022),xgboost,XGBoost,3,State_Arkansas,0.0,131
dataset1,Personal Key Indicators of Heart Disease (2022),xgboost,XGBoost,4,HadAngina,0.6609401702880859,1
dataset1,Personal Key Indicators of Heart Disease (2022),xgboost,XGBoost,4,ChestScan,0.30119162797927856,2
dataset1,Personal Key Indicators of Heart Disease (2022),xgboost,XGBoost,4,Sex,0.28546276688575745,3
dataset1,Personal Key Indicators of Heart Disease (2022),xgboost,XGBoost,4,RemovedTeeth_None_of_them,0.1671207994222641,4
dataset1,Personal Key Indicators of Heart Disease (2022),xgboost,XGBoost,4,HadStroke,0.14583329856395721,5
dataset1,Personal Key Indicators of Heart Disease (2022),xgboost,XGBoost,4,GeneralHealth_Very_good,0.14100989699363708,6
dataset1,Personal Key Indicators of Heart Disease (2022),xgboost,XGBoost,4,GeneralHealth_Excellent,0.11007215827703476,7
dataset1,Personal Key Indicators of Heart Disease (2022),xgboost,XGBoost,4,AgeCategory_Age_80_or_older,0.09830250591039658,8
dataset1,Personal Key Indicators of Heart Disease (2022),xgboost,XGBoost,4,SmokerStatus_Never_smoked,0.09732374548912048,9
dataset1,Personal Key Indicators of Heart Disease (2022),xgboost,XGBoost,4,DifficultyWalking,0.0926181972026825,10
dataset1,Personal Key Indicators of Heart Disease (2022),xgboost,XGBoost,4,HadDiabetes_Yes,0.09136752039194107,11
dataset1,Personal Key Indicators of Heart Disease (2022),xgboost,XGBoost,4,HadArthritis,0.08664797991514206,12
dataset1,Personal Key Indicators of Heart Disease (2022),xgboost,XGBoost,4,AgeCategory_Age_30_to_34,0.08392729610204697,13
dataset1,Personal Key Indicators of Heart Disease (2022),xgboost,XGBoost,4,AgeCategory_Age_18_to_24,0.08195905387401581,14
dataset1,Personal Key Indicators of Heart Disease (2022),xgboost,XGBoost,4,AgeCategory_Age_40_to_44,0.0747276246547699,15
dataset1,Personal Key Indicators of Heart Disease (2022),xgboost,XGBoost,4,LastCheckupTime_Within_past_year_anytime_less_than_12_months_ago_,0.060760535299777985,16
dataset1,Personal Key Indicators of Heart Disease (2022),xgboost,XGBoost,4,AgeCategory_Age_35_to_39,0.059236835688352585,17
dataset1,Personal Key Indicators of Heart Disease (2022),xgboost,XGBoost,4,HadCOPD,0.05787364020943642,18
dataset1,Personal Key Indicators of Heart Disease (2022),xgboost,XGBoost,4,AgeCategory_Age_25_to_29,0.05547178164124489,19
dataset1,Personal Key Indicators of Heart Disease (2022),xgboost,XGBoost,4,AgeCategory_Age_70_to_74,0.054861344397068024,20
dataset1,Personal Key Indicators of Heart Disease (2022),xgboost,XGBoost,4,GeneralHealth_Fair,0.052499860525131226,21
dataset1,Personal Key Indicators of Heart Disease (2022),xgboost,XGBoost,4,AgeCategory_Age_75_to_79,0.047102559357881546,22
dataset1,Personal Key Indicators of Heart Disease (2022),xgboost,XGBoost,4,RemovedTeeth_1_to_5,0.04701493680477142,23
dataset1,Personal Key Indicators of Heart Disease (2022),xgboost,XGBoost,4,RemovedTeeth_All,0.04543149843811989,24
dataset1,Personal Key Indicators of Heart Disease (2022),xgboost,XGBoost,4,SleepHours,0.045150212943553925,25
dataset1,Personal Key Indicators of Heart Disease (2022),xgboost,XGBoost,4,AlcoholDrinkers,0.04348919540643692,26
dataset1,Personal Key Indicators of Heart Disease (2022),xgboost,XGBoost,4,MentalHealthDays,0.043004680424928665,27
dataset1,Personal Key Indicators of Heart Disease (2022),xgboost,XGBoost,4,HadDiabetes_No,0.036926351487636566,28
dataset1,Personal Key Indicators of Heart Disease (2022),xgboost,XGBoost,4,TetanusLast10Tdap_Yes_received_Tdap,0.036792829632759094,29
dataset1,Personal Key Indicators of Heart Disease (2022),xgboost,XGBoost,4,TetanusLast10Tdap_No_did_not_receive_any_tetanus_shot_in_the_past_10_years,0.035700492560863495,30
dataset1,Personal Key Indicators of Heart Disease (2022),xgboost,XGBoost,4,PhysicalHealthDays,0.033038780093193054,31
dataset1,Personal Key Indicators of Heart Disease (2022),xgboost,XGBoost,4,AgeCategory_Age_45_to_49,0.03082766942679882,32
dataset1,Personal Key Indicators of Heart Disease (2022),xgboost,XGBoost,4,GeneralHealth_Poor,0.030739236623048782,33
dataset1,Personal Key Indicators of Heart Disease (2022),xgboost,XGBoost,4,DeafOrHardOfHearing,0.02655734494328499,34
dataset1,Personal Key Indicators of Heart Disease (2022),xgboost,XGBoost,4,BMI,0.024618608877062798,35
dataset1,Personal Key Indicators of Heart Disease (2022),xgboost,XGBoost,4,AgeCategory_Age_50_to_54,0.023951038718223572,36
dataset1,Personal Key Indicators of Heart Disease (2022),xgboost,XGBoost,4,CovidPos_Tested_positive_using_home_test_without_a_health_professional,0.02325127087533474,37
dataset1,Personal Key Indicators of Heart Disease (2022),xgboost,XGBoost,4,HadKidneyDisease,0.022687755525112152,38
dataset1,Personal Key Indicators of Heart Disease (2022),xgboost,XGBoost,4,WeightInKilograms,0.02225182019174099,39
dataset1,Personal Key Indicators of Heart Disease (2022),xgboost,XGBoost,4,SmokerStatus_Current_smoker_now_smokes_every_day,0.022112511098384857,40
dataset1,Personal Key Indicators of Heart Disease (2022),xgboost,XGBoost,4,HIVTesting,0.021010397002100945,41
dataset1,Personal Key Indicators of Heart Disease (2022),xgboost,XGBoost,4,GeneralHealth_Good,0.02058187685906887,42
dataset1,Personal Key Indicators of Heart Disease (2022),xgboost,XGBoost,4,FluVaxLast12,0.019654085859656334,43
dataset1,Personal Key Indicators of Heart Disease (2022),xgboost,XGBoost,4,BlindOrVisionDifficulty,0.019220571964979172,44
dataset1,Personal Key Indicators of Heart Disease (2022),xgboost,XGBoost,4,RaceEthnicityCategory_Black_only_Non_Hispanic,0.019181109964847565,45
dataset1,Personal Key Indicators of Heart Disease (2022),xgboost,XGBoost,4,HeightInMeters,0.016222504898905754,46
dataset1,Personal Key Indicators of Heart Disease (2022),xgboost,XGBoost,4,CovidPos_No,0.014225339516997337,47
dataset1,Personal Key Indicators of Heart Disease (2022),xgboost,XGBoost,4,PhysicalActivities,0.013423765078186989,48
dataset1,Personal Key Indicators of Heart Disease (2022),xgboost,XGBoost,4,PneumoVaxEver,0.013271352276206017,49
dataset1,Personal Key Indicators of Heart Disease (2022),xgboost,XGBoost,4,HadAsthma,0.01204895880073309,50
dataset1,Personal Key Indicators of Heart Disease (2022),xgboost,XGBoost,4,DifficultyErrands,0.011896571144461632,51
dataset1,Personal Key Indicators of Heart Disease (2022),xgboost,XGBoost,4,HadDepressiveDisorder,0.010254324413836002,52
dataset1,Personal Key Indicators of Heart Disease (2022),xgboost,XGBoost,4,AgeCategory_Age_65_to_69,0.00933076348155737,53
dataset1,Personal Key Indicators of Heart Disease (2022),xgboost,XGBoost,4,DifficultyConcentrating,0.009136130101978779,54
dataset1,Personal Key Indicators of Heart Disease (2022),xgboost,XGBoost,4,AgeCategory_Age_55_to_59,0.007094960659742355,55
dataset1,Personal Key Indicators of Heart Disease (2022),xgboost,XGBoost,4,State_New_Jersey,0.006867002230137587,56
dataset1,Personal Key Indicators of Heart Disease (2022),xgboost,XGBoost,4,RaceEthnicityCategory_Multiracial_Non_Hispanic,0.005872589536011219,57
dataset1,Personal Key Indicators of Heart Disease (2022),xgboost,XGBoost,4,State_Washington,0.005791340954601765,58
dataset1,Personal Key Indicators of Heart Disease (2022),xgboost,XGBoost,4,State_South_Dakota,0.005486849695444107,59
dataset1,Personal Key Indicators of Heart Disease (2022),xgboost,XGBoost,4,State_Colorado,0.004731226246803999,60
dataset1,Personal Key Indicators of Heart Disease (2022),xgboost,XGBoost,4,RemovedTeeth_6_or_more_but_not_all,0.0043535297736525536,61
dataset1,Personal Key Indicators of Heart Disease (2022),xgboost,XGBoost,4,LastCheckupTime_5_or_more_years_ago,0.004052015021443367,62
dataset1,Personal Key Indicators of Heart Disease (2022),xgboost,XGBoost,4,State_Oklahoma,0.003926588222384453,63
dataset1,Personal Key Indicators of Heart Disease (2022),xgboost,XGBoost,4,State_Arizona,0.0035198398400098085,64
dataset1,Personal Key Indicators of Heart Disease (2022),xgboost,XGBoost,4,RaceEthnicityCategory_White_only_Non_Hispanic,0.0032826715614646673,65
dataset1,Personal Key Indicators of Heart Disease (2022),xgboost,XGBoost,4,ECigaretteUsage_Not_at_all_right_now_,0.0032756964210420847,66
dataset1,Personal Key Indicators of Heart Disease (2022),xgboost,XGBoost,4,RaceEthnicityCategory_Hispanic,0.0029945028945803642,67
dataset1,Personal Key Indicators of Heart Disease (2022),xgboost,XGBoost,4,State_Texas,0.002820787485688925,68
dataset1,Personal Key Indicators of Heart Disease (2022),xgboost,XGBoost,4,LastCheckupTime_Within_past_5_years_2_years_but_less_than_5_years_ago_,0.0027491506189107895,69
dataset1,Personal Key Indicators of Heart Disease (2022),xgboost,XGBoost,4,TetanusLast10Tdap_Yes_received_tetanus_shot_but_not_sure_what_type,0.0027433752547949553,70
dataset1,Personal Key Indicators of Heart Disease (2022),xgboost,XGBoost,4,State_New_York,0.002485265489667654,71
dataset1,Personal Key Indicators of Heart Disease (2022),xgboost,XGBoost,4,State_Maine,0.0024378669913858175,72
dataset1,Personal Key Indicators of Heart Disease (2022),xgboost,XGBoost,4,State_South_Carolina,0.0023197103291749954,73
dataset1,Personal Key Indicators of Heart Disease (2022),xgboost,XGBoost,4,ECigaretteUsage_Never_used_e_cigarettes_in_my_entire_life,0.002261016983538866,74
dataset1,Personal Key Indicators of Heart Disease (2022),xgboost,XGBoost,4,State_Maryland,0.0021696786861866713,75
dataset1,Personal Key Indicators of Heart Disease (2022),xgboost,XGBoost,4,AgeCategory_Age_60_to_64,0.00200855266302824,76
dataset1,Personal Key Indicators of Heart Disease (2022),xgboost,XGBoost,4,State_California,0.001672589685767889,77
dataset1,Personal Key Indicators of Heart Disease (2022),xgboost,XGBoost,4,RaceEthnicityCategory_Other_race_only_Non_Hispanic,0.0015344448620453477,78
dataset1,Personal Key Indicators of Heart Disease (2022),xgboost,XGBoost,4,SmokerStatus_Current_smoker_now_smokes_some_days,0.001512753078714013,79
dataset1,Personal Key Indicators of Heart Disease (2022),xgboost,XGBoost,4,State_Massachusetts,0.0015001583378762007,80
dataset1,Personal Key Indicators of Heart Disease (2022),xgboost,XGBoost,4,State_Minnesota,0.0014442631509155035,81
dataset1,Personal Key Indicators of Heart Disease (2022),xgboost,XGBoost,4,State_Pennsylvania,0.0014196793781593442,82
dataset1,Personal Key Indicators of Heart Disease (2022),xgboost,XGBoost,4,State_Puerto_Rico,0.001312699750997126,83
dataset1,Personal Key Indicators of Heart Disease (2022),xgboost,XGBoost,4,SmokerStatus_Former_smoker,0.001220994396135211,84
dataset1,Personal Key Indicators of Heart Disease (2022),xgboost,XGBoost,4,State_New_Hampshire,0.001204984961077571,85
dataset1,Personal Key Indicators of Heart Disease (2022),xgboost,XGBoost,4,State_Illinois,0.0011662173783406615,86
dataset1,Personal Key Indicators of Heart Disease (2022),xgboost,XGBoost,4,State_Connecticut,0.0011631437810137868,87
dataset1,Personal Key Indicators of Heart Disease (2022),xgboost,XGBoost,4,DifficultyDressingBathing,0.0010864627547562122,88
dataset1,Personal Key Indicators of Heart Disease (2022),xgboost,XGBoost,4,TetanusLast10Tdap_Yes_received_tetanus_shot_but_not_Tdap,0.0009182651992887259,89
dataset1,Personal Key Indicators of Heart Disease (2022),xgboost,XGBoost,4,LastCheckupTime_Within_past_2_years_1_year_but_less_than_2_years_ago_,0.0009151531849056482,90
dataset1,Personal Key Indicators of Heart Disease (2022),xgboost,XGBoost,4,State_Delaware,0.0008218084112741053,91
dataset1,Personal Key Indicators of Heart Disease (2022),xgboost,XGBoost,4,State_Ohio,0.0007338422583416104,92
dataset1,Personal Key Indicators of Heart Disease (2022),xgboost,XGBoost,4,State_Mississippi,0.000712269451469183,93
dataset1,Personal Key Indicators of Heart Disease (2022),xgboost,XGBoost,4,HighRiskLastYear,0.0006636780453845859,94
dataset1,Personal Key Indicators of Heart Disease (2022),xgboost,XGBoost,4,State_Hawaii,0.0006580373737961054,95
dataset1,Personal Key Indicators of Heart Disease (2022),xgboost,XGBoost,4,ECigaretteUsage_Use_them_every_day,0.0006288078147917986,96
dataset1,Personal Key Indicators of Heart Disease (2022),xgboost,XGBoost,4,State_Louisiana,0.0006283830152824521,97
dataset1,Personal Key Indicators of Heart Disease (2022),xgboost,XGBoost,4,State_Alaska,0.0006092164549045265,98
dataset1,Personal Key Indicators of Heart Disease (2022),xgboost,XGBoost,4,State_Nevada,0.0005712942220270634,99
dataset1,Personal Key Indicators of Heart Disease (2022),xgboost,XGBoost,4,HadSkinCancer,0.0005611598026007414,100
dataset1,Personal Key Indicators of Heart Disease (2022),xgboost,XGBoost,4,State_West_Virginia,0.0005350731080397964,101
dataset1,Personal Key Indicators of Heart Disease (2022),xgboost,XGBoost,4,State_Kentucky,0.000529919401742518,102
dataset1,Personal Key Indicators of Heart Disease (2022),xgboost,XGBoost,4,HadDiabetes_Yes_but_only_during_pregnancy_female_,0.0004927326226606965,103
dataset1,Personal Key Indicators of Heart Disease (2022),xgboost,XGBoost,4,State_Vermont,0.0004687248438131064,104
dataset1,Personal Key Indicators of Heart Disease (2022),xgboost,XGBoost,4,State_Alabama,0.0004399673780426383,105
dataset1,Personal Key Indicators of Heart Disease (2022),xgboost,XGBoost,4,State_Nebraska,0.00040817848639562726,106
dataset1,Personal Key Indicators of Heart Disease (2022),xgboost,XGBoost,4,State_Utah,0.00040614124736748636,107
dataset1,Personal Key Indicators of Heart Disease (2022),xgboost,XGBoost,4,State_Michigan,0.00040380333666689694,108
dataset1,Personal Key Indicators of Heart Disease (2022),xgboost,XGBoost,4,State_Iowa,0.00037228898145258427,109
dataset1,Personal Key Indicators of Heart Disease (2022),xgboost,XGBoost,4,State_North_Carolina,0.0003431370423641056,110
dataset1,Personal Key Indicators of Heart Disease (2022),xgboost,XGBoost,4,State_North_Dakota,0.00033513642847537994,111
dataset1,Personal Key Indicators of Heart Disease (2022),xgboost,XGBoost,4,HadDiabetes_No_pre_diabetes_or_borderline_diabetes,0.00030337224598042667,112
dataset1,Personal Key Indicators of Heart Disease (2022),xgboost,XGBoost,4,State_Rhode_Island,0.0002977103285957128,113
dataset1,Personal Key Indicators of Heart Disease (2022),xgboost,XGBoost,4,State_Kansas,0.00029002997325733304,114
dataset1,Personal Key Indicators of Heart Disease (2022),xgboost,XGBoost,4,State_Oregon,0.0002858341613318771,115
dataset1,Personal Key Indicators of Heart Disease (2022),xgboost,XGBoost,4,State_Virginia,0.000252988567808643,116
dataset1,Personal Key Indicators of Heart Disease (2022),xgboost,XGBoost,4,State_Wyoming,0.0002461710828356445,117
dataset1,Personal Key Indicators of Heart Disease (2022),xgboost,XGBoost,4,ECigaretteUsage_Use_them_some_days,0.00024562623002566397,118
dataset1,Personal Key Indicators of Heart Disease (2022),xgboost,XGBoost,4,State_Missouri,0.00021401798585429788,119
dataset1,Personal Key Indicators of Heart Disease (2022),xgboost,XGBoost,4,State_New_Mexico,0.00019063001673202962,120
dataset1,Personal Key Indicators of Heart Disease (2022),xgboost,XGBoost,4,State_Idaho,0.000155584464664571,121
dataset1,Personal Key Indicators of Heart Disease (2022),xgboost,XGBoost,4,State_District_of_Columbia,0.00012723144027404487,122
dataset1,Personal Key Indicators of Heart Disease (2022),xgboost,XGBoost,4,State_Florida,0.0001173390555777587,123
dataset1,Personal Key Indicators of Heart Disease (2022),xgboost,XGBoost,4,State_Wisconsin,0.00011029639426851645,124
dataset1,Personal Key Indicators of Heart Disease (2022),xgboost,XGBoost,4,State_Montana,9.783590940060094e-05,125
dataset1,Personal Key Indicators of Heart Disease (2022),xgboost,XGBoost,4,State_Georgia,5.29824937984813e-05,126
dataset1,Personal Key Indicators of Heart Disease (2022),xgboost,XGBoost,4,State_Tennessee,5.054370194557123e-05,127
dataset1,Personal Key Indicators of Heart Disease (2022),xgboost,XGBoost,4,State_Indiana,2.2657746740151197e-05,128
dataset1,Personal Key Indicators of Heart Disease (2022),xgboost,XGBoost,4,State_Arkansas,9.592174137651455e-06,129
dataset1,Personal Key Indicators of Heart Disease (2022),xgboost,XGBoost,4,State_Guam,0.0,130
dataset1,Personal Key Indicators of Heart Disease (2022),xgboost,XGBoost,4,State_Virgin_Islands,0.0,131
dataset1,Personal Key Indicators of Heart Disease (2022),xgboost,XGBoost,5,HadAngina,0.6847555637359619,1
dataset1,Personal Key Indicators of Heart Disease (2022),xgboost,XGBoost,5,ChestScan,0.30641061067581177,2
dataset1,Personal Key Indicators of Heart Disease (2022),xgboost,XGBoost,5,Sex,0.29722732305526733,3
dataset1,Personal Key Indicators of Heart Disease (2022),xgboost,XGBoost,5,RemovedTeeth_None_of_them,0.16117100417613983,4
dataset1,Personal Key Indicators of Heart Disease (2022),xgboost,XGBoost,5,HadStroke,0.14076130092144012,5
dataset1,Personal Key Indicators of Heart Disease (2022),xgboost,XGBoost,5,GeneralHealth_Very_good,0.13043664395809174,6
dataset1,Personal Key Indicators of Heart Disease (2022),xgboost,XGBoost,5,GeneralHealth_Excellent,0.1188068687915802,7
dataset1,Personal Key Indicators of Heart Disease (2022),xgboost,XGBoost,5,AgeCategory_Age_18_to_24,0.11144931614398956,8
dataset1,Personal Key Indicators of Heart Disease (2022),xgboost,XGBoost,5,AgeCategory_Age_80_or_older,0.1072358712553978,9
dataset1,Personal Key Indicators of Heart Disease (2022),xgboost,XGBoost,5,HadDiabetes_Yes,0.09971161931753159,10
dataset1,Personal Key Indicators of Heart Disease (2022),xgboost,XGBoost,5,SmokerStatus_Never_smoked,0.09839626401662827,11
dataset1,Personal Key Indicators of Heart Disease (2022),xgboost,XGBoost,5,AgeCategory_Age_25_to_29,0.08332253247499466,12
dataset1,Personal Key Indicators of Heart Disease (2022),xgboost,XGBoost,5,HadArthritis,0.0757143497467041,13
dataset1,Personal Key Indicators of Heart Disease (2022),xgboost,XGBoost,5,AgeCategory_Age_40_to_44,0.07469940930604935,14
dataset1,Personal Key Indicators of Heart Disease (2022),xgboost,XGBoost,5,DifficultyWalking,0.07468445599079132,15
dataset1,Personal Key Indicators of Heart Disease (2022),xgboost,XGBoost,5,AgeCategory_Age_30_to_34,0.06962984055280685,16
dataset1,Personal Key Indicators of Heart Disease (2022),xgboost,XGBoost,5,RemovedTeeth_1_to_5,0.06355854123830795,17
dataset1,Personal Key Indicators of Heart Disease (2022),xgboost,XGBoost,5,AgeCategory_Age_75_to_79,0.06245715543627739,18
dataset1,Personal Key Indicators of Heart Disease (2022),xgboost,XGBoost,5,AgeCategory_Age_35_to_39,0.059409160166978836,19
dataset1,Personal Key Indicators of Heart Disease (2022),xgboost,XGBoost,5,AgeCategory_Age_70_to_74,0.05420970916748047,20
dataset1,Personal Key Indicators of Heart Disease (2022),xgboost,XGBoost,5,HadCOPD,0.05311112478375435,21
dataset1,Personal Key Indicators of Heart Disease (2022),xgboost,XGBoost,5,AlcoholDrinkers,0.05189419165253639,22
dataset1,Personal Key Indicators of Heart Disease (2022),xgboost,XGBoost,5,SleepHours,0.04918939992785454,23
dataset1,Personal Key Indicators of Heart Disease (2022),xgboost,XGBoost,5,LastCheckupTime_Within_past_year_anytime_less_than_12_months_ago_,0.04770854115486145,24
dataset1,Personal Key Indicators of Heart Disease (2022),xgboost,XGBoost,5,PhysicalHealthDays,0.044886842370033264,25
dataset1,Personal Key Indicators of Heart Disease (2022),xgboost,XGBoost,5,GeneralHealth_Fair,0.03991538658738136,26
dataset1,Personal Key Indicators of Heart Disease (2022),xgboost,XGBoost,5,MentalHealthDays,0.03915587440133095,27
dataset1,Personal Key Indicators of Heart Disease (2022),xgboost,XGBoost,5,AgeCategory_Age_45_to_49,0.03746876120567322,28
dataset1,Personal Key Indicators of Heart Disease (2022),xgboost,XGBoost,5,TetanusLast10Tdap_Yes_received_Tdap,0.03554641827940941,29
dataset1,Personal Key Indicators of Heart Disease (2022),xgboost,XGBoost,5,HadKidneyDisease,0.031888023018836975,30
dataset1,Personal Key Indicators of Heart Disease (2022),xgboost,XGBoost,5,HadDiabetes_No,0.02938363142311573,31
dataset1,Personal Key Indicators of Heart Disease (2022),xgboost,XGBoost,5,GeneralHealth_Poor,0.02913530170917511,32
dataset1,Personal Key Indicators of Heart Disease (2022),xgboost,XGBoost,5,RemovedTeeth_All,0.02809920348227024,33
dataset1,Personal Key Indicators of Heart Disease (2022),xgboost,XGBoost,5,TetanusLast10Tdap_No_did_not_receive_any_tetanus_shot_in_the_past_10_years,0.028025470674037933,34
dataset1,Personal Key Indicators of Heart Disease (2022),xgboost,XGBoost,5,WeightInKilograms,0.026675701141357422,35
dataset1,Personal Key Indicators of Heart Disease (2022),xgboost,XGBoost,5,DeafOrHardOfHearing,0.02649506740272045,36
dataset1,Personal Key Indicators of Heart Disease (2022),xgboost,XGBoost,5,HIVTesting,0.025862744078040123,37
dataset1,Personal Key Indicators of Heart Disease (2022),xgboost,XGBoost,5,HeightInMeters,0.0257201436907053,38
dataset1,Personal Key Indicators of Heart Disease (2022),xgboost,XGBoost,5,RaceEthnicityCategory_Black_only_Non_Hispanic,0.025458043441176414,39
dataset1,Personal Key Indicators of Heart Disease (2022),xgboost,XGBoost,5,AgeCategory_Age_50_to_54,0.022951960563659668,40
dataset1,Personal Key Indicators of Heart Disease (2022),xgboost,XGBoost,5,BMI,0.02113577164709568,41
dataset1,Personal Key Indicators of Heart Disease (2022),xgboost,XGBoost,5,PhysicalActivities,0.020516933873295784,42
dataset1,Personal Key Indicators of Heart Disease (2022),xgboost,XGBoost,5,BlindOrVisionDifficulty,0.020412206649780273,43
dataset1,Personal Key Indicators of Heart Disease (2022),xgboost,XGBoost,5,GeneralHealth_Good,0.016077641397714615,44
dataset1,Personal Key Indicators of Heart Disease (2022),xgboost,XGBoost,5,SmokerStatus_Current_smoker_now_smokes_every_day,0.014430892653763294,45
dataset1,Personal Key Indicators of Heart Disease (2022),xgboost,XGBoost,5,CovidPos_Tested_positive_using_home_test_without_a_health_professional,0.013083165511488914,46
dataset1,Personal Key Indicators of Heart Disease (2022),xgboost,XGBoost,5,CovidPos_No,0.01283347513526678,47
dataset1,Personal Key Indicators of Heart Disease (2022),xgboost,XGBoost,5,AgeCategory_Age_65_to_69,0.012712526135146618,48
dataset1,Personal Key Indicators of Heart Disease (2022),xgboost,XGBoost,5,PneumoVaxEver,0.008758512325584888,49
dataset1,Personal Key Indicators of Heart Disease (2022),xgboost,XGBoost,5,HadAsthma,0.007817648351192474,50
dataset1,Personal Key Indicators of Heart Disease (2022),xgboost,XGBoost,5,AgeCategory_Age_55_to_59,0.0077896579168736935,51
dataset1,Personal Key Indicators of Heart Disease (2022),xgboost,XGBoost,5,HadDepressiveDisorder,0.007192586548626423,52
dataset1,Personal Key Indicators of Heart Disease (2022),xgboost,XGBoost,5,FluVaxLast12,0.006904168054461479,53
dataset1,Personal Key Indicators of Heart Disease (2022),xgboost,XGBoost,5,DifficultyConcentrating,0.005964125972241163,54
dataset1,Personal Key Indicators of Heart Disease (2022),xgboost,XGBoost,5,State_Maryland,0.00568331778049469,55
dataset1,Personal Key Indicators of Heart Disease (2022),xgboost,XGBoost,5,LastCheckupTime_Within_past_5_years_2_years_but_less_than_5_years_ago_,0.0047280569560825825,56
dataset1,Personal Key Indicators of Heart Disease (2022),xgboost,XGBoost,5,State_Washington,0.004472505766898394,57
dataset1,Personal Key Indicators of Heart Disease (2022),xgboost,XGBoost,5,RaceEthnicityCategory_White_only_Non_Hispanic,0.004421453457325697,58
dataset1,Personal Key Indicators of Heart Disease (2022),xgboost,XGBoost,5,State_South_Dakota,0.004401433281600475,59
dataset1,Personal Key Indicators of Heart Disease (2022),xgboost,XGBoost,5,State_Oklahoma,0.003927596379071474,60
dataset1,Personal Key Indicators of Heart Disease (2022),xgboost,XGBoost,5,State_Mississippi,0.0036402379628270864,61
dataset1,Personal Key Indicators of Heart Disease (2022),xgboost,XGBoost,5,State_Puerto_Rico,0.0033676596358418465,62
dataset1,Personal Key Indicators of Heart Disease (2022),xgboost,XGBoost,5,AgeCategory_Age_60_to_64,0.0033570744562894106,63
dataset1,Personal Key Indicators of Heart Disease (2022),xgboost,XGBoost,5,DifficultyErrands,0.0031180856749415398,64
dataset1,Personal Key Indicators of Heart Disease (2022),xgboost,XGBoost,5,RaceEthnicityCategory_Multiracial_Non_Hispanic,0.0026539871469140053,65
dataset1,Personal Key Indicators of Heart Disease (2022),xgboost,XGBoost,5,TetanusLast10Tdap_Yes_received_tetanus_shot_but_not_sure_what_type,0.0024385848082602024,66
dataset1,Personal Key Indicators of Heart Disease (2022),xgboost,XGBoost,5,State_New_Jersey,0.0023393400479108095,67
dataset1,Personal Key Indicators of Heart Disease (2022),xgboost,XGBoost,5,State_Maine,0.001959283836185932,68
dataset1,Personal Key Indicators of Heart Disease (2022),xgboost,XGBoost,5,State_Georgia,0.0018531951354816556,69
dataset1,Personal Key Indicators of Heart Disease (2022),xgboost,XGBoost,5,State_New_York,0.0018457162659615278,70
dataset1,Personal Key Indicators of Heart Disease (2022),xgboost,XGBoost,5,State_Illinois,0.001671608886681497,71
dataset1,Personal Key Indicators of Heart Disease (2022),xgboost,XGBoost,5,HadSkinCancer,0.0016545670805498958,72
dataset1,Personal Key Indicators of Heart Disease (2022),xgboost,XGBoost,5,RaceEthnicityCategory_Hispanic,0.001623131218366325,73
dataset1,Personal Key Indicators of Heart Disease (2022),xgboost,XGBoost,5,RaceEthnicityCategory_Other_race_only_Non_Hispanic,0.0015879410784691572,74
dataset1,Personal Key Indicators of Heart Disease (2022),xgboost,XGBoost,5,State_Massachusetts,0.001533064292743802,75
dataset1,Personal Key Indicators of Heart Disease (2022),xgboost,XGBoost,5,ECigaretteUsage_Use_them_some_days,0.0014959626132622361,76
dataset1,Personal Key Indicators of Heart Disease (2022),xgboost,XGBoost,5,SmokerStatus_Former_smoker,0.0014670012751594186,77
dataset1,Personal Key Indicators of Heart Disease (2022),xgboost,XGBoost,5,RemovedTeeth_6_or_more_but_not_all,0.0014167508343234658,78
dataset1,Personal Key Indicators of Heart Disease (2022),xgboost,XGBoost,5,State_Delaware,0.0014078245731070638,79
dataset1,Personal Key Indicators of Heart Disease (2022),xgboost,XGBoost,5,State_Kentucky,0.0014024361735209823,80
dataset1,Personal Key Indicators of Heart Disease (2022),xgboost,XGBoost,5,State_South_Carolina,0.0013703955337405205,81
dataset1,Personal Key Indicators of Heart Disease (2022),xgboost,XGBoost,5,DifficultyDressingBathing,0.0012954985722899437,82
dataset1,Personal Key Indicators of Heart Disease (2022),xgboost,XGBoost,5,State_Vermont,0.0012776544317603111,83
dataset1,Personal Key Indicators of Heart Disease (2022),xgboost,XGBoost,5,ECigaretteUsage_Use_them_every_day,0.0011850121663883328,84
dataset1,Personal Key Indicators of Heart Disease (2022),xgboost,XGBoost,5,ECigaretteUsage_Not_at_all_right_now_,0.0011689214734360576,85
dataset1,Personal Key Indicators of Heart Disease (2022),xgboost,XGBoost,5,LastCheckupTime_Within_past_2_years_1_year_but_less_than_2_years_ago_,0.0011007002322003245,86
dataset1,Personal Key Indicators of Heart Disease (2022),xgboost,XGBoost,5,ECigaretteUsage_Never_used_e_cigarettes_in_my_entire_life,0.0010639757383614779,87
dataset1,Personal Key Indicators of Heart Disease (2022),xgboost,XGBoost,5,State_Colorado,0.0010535353794693947,88
dataset1,Personal Key Indicators of Heart Disease (2022),xgboost,XGBoost,5,State_Florida,0.000955832889303565,89
dataset1,Personal Key Indicators of Heart Disease (2022),xgboost,XGBoost,5,State_Kansas,0.0009327746229246259,90
dataset1,Personal Key Indicators of Heart Disease (2022),xgboost,XGBoost,5,State_Missouri,0.0008793182787485421,91
dataset1,Personal Key Indicators of Heart Disease (2022),xgboost,XGBoost,5,LastCheckupTime_5_or_more_years_ago,0.0008503824938088655,92
dataset1,Personal Key Indicators of Heart Disease (2022),xgboost,XGBoost,5,State_California,0.0008215245325118303,93
dataset1,Personal Key Indicators of Heart Disease (2022),xgboost,XGBoost,5,State_Arizona,0.0008111328352242708,94
dataset1,Personal Key Indicators of Heart Disease (2022),xgboost,XGBoost,5,State_Minnesota,0.0008069507894106209,95
dataset1,Personal Key Indicators of Heart Disease (2022),xgboost,XGBoost,5,State_North_Carolina,0.0007916878093965352,96
dataset1,Personal Key Indicators of Heart Disease (2022),xgboost,XGBoost,5,State_Texas,0.00077970908023417,97
dataset1,Personal Key Indicators of Heart Disease (2022),xgboost,XGBoost,5,State_Guam,0.0007663649157620966,98
dataset1,Personal Key Indicators of Heart Disease (2022),xgboost,XGBoost,5,TetanusLast10Tdap_Yes_received_tetanus_shot_but_not_Tdap,0.000754482694901526,99
dataset1,Personal Key Indicators of Heart Disease (2022),xgboost,XGBoost,5,State_Indiana,0.0006327703013084829,100
dataset1,Personal Key Indicators of Heart Disease (2022),xgboost,XGBoost,5,SmokerStatus_Current_smoker_now_smokes_some_days,0.0006321307737380266,101
dataset1,Personal Key Indicators of Heart Disease (2022),xgboost,XGBoost,5,State_Virginia,0.0005545958993025124,102
dataset1,Personal Key Indicators of Heart Disease (2022),xgboost,XGBoost,5,State_Pennsylvania,0.000532895268406719,103
dataset1,Personal Key Indicators of Heart Disease (2022),xgboost,XGBoost,5,State_Hawaii,0.0005186994094401598,104
dataset1,Personal Key Indicators of Heart Disease (2022),xgboost,XGBoost,5,State_Oregon,0.0005079580587334931,105
dataset1,Personal Key Indicators of Heart Disease (2022),xgboost,XGBoost,5,HadDiabetes_No_pre_diabetes_or_borderline_diabetes,0.0004882187058683485,106
dataset1,Personal Key Indicators of Heart Disease (2022),xgboost,XGBoost,5,HighRiskLastYear,0.0004695794777944684,107
dataset1,Personal Key Indicators of Heart Disease (2022),xgboost,XGBoost,5,State_Utah,0.0003904204932041466,108
dataset1,Personal Key Indicators of Heart Disease (2022),xgboost,XGBoost,5,State_Tennessee,0.00036514661042019725,109
dataset1,Personal Key Indicators of Heart Disease (2022),xgboost,XGBoost,5,State_New_Mexico,0.00036405702121555805,110
dataset1,Personal Key Indicators of Heart Disease (2022),xgboost,XGBoost,5,HadDiabetes_Yes_but_only_during_pregnancy_female_,0.00035743211628869176,111
dataset1,Personal Key Indicators of Heart Disease (2022),xgboost,XGBoost,5,State_Connecticut,0.0003238616918679327,112
dataset1,Personal Key Indicators of Heart Disease (2022),xgboost,XGBoost,5,State_Montana,0.0003128199896309525,113
dataset1,Personal Key Indicators of Heart Disease (2022),xgboost,XGBoost,5,State_Iowa,0.00028771214419975877,114
dataset1,Personal Key Indicators of Heart Disease (2022),xgboost,XGBoost,5,State_Alaska,0.0002730449486989528,115
dataset1,Personal Key Indicators of Heart Disease (2022),xgboost,XGBoost,5,State_Idaho,0.0002632390824146569,116
dataset1,Personal Key Indicators of Heart Disease (2022),xgboost,XGBoost,5,State_Nebraska,0.0002524650772102177,117
dataset1,Personal Key Indicators of Heart Disease (2022),xgboost,XGBoost,5,State_District_of_Columbia,0.0002447226725053042,118
dataset1,Personal Key Indicators of Heart Disease (2022),xgboost,XGBoost,5,State_Alabama,0.0002352629671804607,119
dataset1,Personal Key Indicators of Heart Disease (2022),xgboost,XGBoost,5,State_Nevada,0.00022413227998185903,120
dataset1,Personal Key Indicators of Heart Disease (2022),xgboost,XGBoost,5,State_Wisconsin,0.00022223545238375664,121
dataset1,Personal Key Indicators of Heart Disease (2022),xgboost,XGBoost,5,State_Michigan,0.0001487951958552003,122
dataset1,Personal Key Indicators of Heart Disease (2022),xgboost,XGBoost,5,State_Ohio,0.0001467676047468558,123
dataset1,Personal Key Indicators of Heart Disease (2022),xgboost,XGBoost,5,State_Rhode_Island,0.00013036704331170768,124
dataset1,Personal Key Indicators of Heart Disease (2022),xgboost,XGBoost,5,State_Wyoming,0.00013023473729845136,125
dataset1,Personal Key Indicators of Heart Disease (2022),xgboost,XGBoost,5,State_North_Dakota,0.00010602126712910831,126
dataset1,Personal Key Indicators of Heart Disease (2022),xgboost,XGBoost,5,State_Louisiana,7.81128546805121e-05,127
dataset1,Personal Key Indicators of Heart Disease (2022),xgboost,XGBoost,5,State_New_Hampshire,7.16292779543437e-05,128
dataset1,Personal Key Indicators of Heart Disease (2022),xgboost,XGBoost,5,State_Arkansas,5.940549453953281e-05,129
dataset1,Personal Key Indicators of Heart Disease (2022),xgboost,XGBoost,5,State_Virgin_Islands,3.6977588024456054e-05,130
dataset1,Personal Key Indicators of Heart Disease (2022),xgboost,XGBoost,5,State_West_Virginia,3.07931040879339e-05,131
dataset1,Personal Key Indicators of Heart Disease (2022),lightgbm,LightGBM,1,HadAngina,0.42620787618514994,1
dataset1,Personal Key Indicators of Heart Disease (2022),lightgbm,LightGBM,1,ChestScan,0.31348801841310014,2
dataset1,Personal Key Indicators of Heart Disease (2022),lightgbm,LightGBM,1,Sex,0.2613987862539165,3
dataset1,Personal Key Indicators of Heart Disease (2022),lightgbm,LightGBM,1,RemovedTeeth_None_of_them,0.1960523904237048,4
dataset1,Personal Key Indicators of Heart Disease (2022),lightgbm,LightGBM,1,GeneralHealth_Very_good,0.12859718639959497,5
dataset1,Personal Key Indicators of Heart Disease (2022),lightgbm,LightGBM,1,GeneralHealth_Excellent,0.12811953377563887,6
dataset1,Personal Key Indicators of Heart Disease (2022),lightgbm,LightGBM,1,AgeCategory_Age_80_or_older,0.1127883685841159,7
dataset1,Personal Key Indicators of Heart Disease (2022),lightgbm,LightGBM,1,AgeCategory_Age_18_to_24,0.1087188755293543,8
dataset1,Personal Key Indicators of Heart Disease (2022),lightgbm,LightGBM,1,AgeCategory_Age_30_to_34,0.10791587280823375,9
dataset1,Personal Key Indicators of Heart Disease (2022),lightgbm,LightGBM,1,AgeCategory_Age_25_to_29,0.10193320137430151,10
dataset1,Personal Key Indicators of Heart Disease (2022),lightgbm,LightGBM,1,SmokerStatus_Never_smoked,0.09871026604674749,11
dataset1,Personal Key Indicators of Heart Disease (2022),lightgbm,LightGBM,1,HadStroke,0.09445040960615936,12
dataset1,Personal Key Indicators of Heart Disease (2022),lightgbm,LightGBM,1,AgeCategory_Age_35_to_39,0.08485240184288804,13
dataset1,Personal Key Indicators of Heart Disease (2022),lightgbm,LightGBM,1,HadArthritis,0.08347152388683218,14
dataset1,Personal Key Indicators of Heart Disease (2022),lightgbm,LightGBM,1,DifficultyWalking,0.08225203903139308,15
dataset1,Personal Key Indicators of Heart Disease (2022),lightgbm,LightGBM,1,HadDiabetes_Yes,0.0743914879198169,16
dataset1,Personal Key Indicators of Heart Disease (2022),lightgbm,LightGBM,1,AgeCategory_Age_75_to_79,0.06303976648531658,17
dataset1,Personal Key Indicators of Heart Disease (2022),lightgbm,LightGBM,1,AgeCategory_Age_40_to_44,0.06295552586193179,18
dataset1,Personal Key Indicators of Heart Disease (2022),lightgbm,LightGBM,1,AlcoholDrinkers,0.06255801669695962,19
dataset1,Personal Key Indicators of Heart Disease (2022),lightgbm,LightGBM,1,RemovedTeeth_1_to_5,0.06106884504948121,20
dataset1,Personal Key Indicators of Heart Disease (2022),lightgbm,LightGBM,1,AgeCategory_Age_70_to_74,0.05990753485221703,21
dataset1,Personal Key Indicators of Heart Disease (2022),lightgbm,LightGBM,1,LastCheckupTime_Within_past_year_anytime_less_than_12_months_ago_,0.05879573284670446,22
dataset1,Personal Key Indicators of Heart Disease (2022),lightgbm,LightGBM,1,HadCOPD,0.04664241491971692,23
dataset1,Personal Key Indicators of Heart Disease (2022),lightgbm,LightGBM,1,TetanusLast10Tdap_No_did_not_receive_any_tetanus_shot_in_the_past_10_years,0.04598966654115953,24
dataset1,Personal Key Indicators of Heart Disease (2022),lightgbm,LightGBM,1,AgeCategory_Age_45_to_49,0.045610589801999835,25
dataset1,Personal Key Indicators of Heart Disease (2022),lightgbm,LightGBM,1,HIVTesting,0.04523980899086706,26
dataset1,Personal Key Indicators of Heart Disease (2022),lightgbm,LightGBM,1,GeneralHealth_Fair,0.04434565796504662,27
dataset1,Personal Key Indicators of Heart Disease (2022),lightgbm,LightGBM,1,SleepHours,0.0428487151842573,28
dataset1,Personal Key Indicators of Heart Disease (2022),lightgbm,LightGBM,1,BMI,0.039851525862496205,29
dataset1,Personal Key Indicators of Heart Disease (2022),lightgbm,LightGBM,1,MentalHealthDays,0.037007270433119806,30
dataset1,Personal Key Indicators of Heart Disease (2022),lightgbm,LightGBM,1,WeightInKilograms,0.03678362718951313,31
dataset1,Personal Key Indicators of Heart Disease (2022),lightgbm,LightGBM,1,TetanusLast10Tdap_Yes_received_Tdap,0.036240522988790526,32
dataset1,Personal Key Indicators of Heart Disease (2022),lightgbm,LightGBM,1,RemovedTeeth_All,0.03429601223928915,33
dataset1,Personal Key Indicators of Heart Disease (2022),lightgbm,LightGBM,1,HadDiabetes_No,0.03326716080845269,34
dataset1,Personal Key Indicators of Heart Disease (2022),lightgbm,LightGBM,1,PhysicalHealthDays,0.032704604656170685,35
dataset1,Personal Key Indicators of Heart Disease (2022),lightgbm,LightGBM,1,AgeCategory_Age_50_to_54,0.028294516626209895,36
dataset1,Personal Key Indicators of Heart Disease (2022),lightgbm,LightGBM,1,DeafOrHardOfHearing,0.026522498972805942,37
dataset1,Personal Key Indicators of Heart Disease (2022),lightgbm,LightGBM,1,HadKidneyDisease,0.02578243870072241,38
dataset1,Personal Key Indicators of Heart Disease (2022),lightgbm,LightGBM,1,CovidPos_No,0.025516469410619896,39
dataset1,Personal Key Indicators of Heart Disease (2022),lightgbm,LightGBM,1,GeneralHealth_Poor,0.02513281365811094,40
dataset1,Personal Key Indicators of Heart Disease (2022),lightgbm,LightGBM,1,RaceEthnicityCategory_Black_only_Non_Hispanic,0.0232578974126589,41
dataset1,Personal Key Indicators of Heart Disease (2022),lightgbm,LightGBM,1,HeightInMeters,0.022126348856674142,42
dataset1,Personal Key Indicators of Heart Disease (2022),lightgbm,LightGBM,1,SmokerStatus_Current_smoker_now_smokes_every_day,0.01960251805765899,43
dataset1,Personal Key Indicators of Heart Disease (2022),lightgbm,LightGBM,1,PhysicalActivities,0.018802050565189656,44
dataset1,Personal Key Indicators of Heart Disease (2022),lightgbm,LightGBM,1,AgeCategory_Age_65_to_69,0.018561011482864466,45
dataset1,Personal Key Indicators of Heart Disease (2022),lightgbm,LightGBM,1,PneumoVaxEver,0.016803204962857546,46
dataset1,Personal Key Indicators of Heart Disease (2022),lightgbm,LightGBM,1,BlindOrVisionDifficulty,0.013627645508624402,47
dataset1,Personal Key Indicators of Heart Disease (2022),lightgbm,LightGBM,1,GeneralHealth_Good,0.012891403698924662,48
dataset1,Personal Key Indicators of Heart Disease (2022),lightgbm,LightGBM,1,HadDepressiveDisorder,0.012778355221218956,49
dataset1,Personal Key Indicators of Heart Disease (2022),lightgbm,LightGBM,1,DifficultyConcentrating,0.01207830590159797,50
dataset1,Personal Key Indicators of Heart Disease (2022),lightgbm,LightGBM,1,CovidPos_Tested_positive_using_home_test_without_a_health_professional,0.012070818526751128,51
dataset1,Personal Key Indicators of Heart Disease (2022),lightgbm,LightGBM,1,FluVaxLast12,0.011823323301399536,52
dataset1,Personal Key Indicators of Heart Disease (2022),lightgbm,LightGBM,1,State_Washington,0.009864374685824257,53
dataset1,Personal Key Indicators of Heart Disease (2022),lightgbm,LightGBM,1,LastCheckupTime_Within_past_5_years_2_years_but_less_than_5_years_ago_,0.008493994976330917,54
dataset1,Personal Key Indicators of Heart Disease (2022),lightgbm,LightGBM,1,LastCheckupTime_5_or_more_years_ago,0.008455638814738152,55
dataset1,Personal Key Indicators of Heart Disease (2022),lightgbm,LightGBM,1,State_Illinois,0.008162621787986045,56
dataset1,Personal Key Indicators of Heart Disease (2022),lightgbm,LightGBM,1,RaceEthnicityCategory_White_only_Non_Hispanic,0.008059377664882222,57
dataset1,Personal Key Indicators of Heart Disease (2022),lightgbm,LightGBM,1,State_Maryland,0.0075981012383778655,58
dataset1,Personal Key Indicators of Heart Disease (2022),lightgbm,LightGBM,1,HadAsthma,0.00714484946735909,59
dataset1,Personal Key Indicators of Heart Disease (2022),lightgbm,LightGBM,1,TetanusLast10Tdap_Yes_received_tetanus_shot_but_not_sure_what_type,0.00687347374641513,60
dataset1,Personal Key Indicators of Heart Disease (2022),lightgbm,LightGBM,1,State_New_Jersey,0.006848776103552672,61
dataset1,Personal Key Indicators of Heart Disease (2022),lightgbm,LightGBM,1,State_Minnesota,0.006075277327992602,62
dataset1,Personal Key Indicators of Heart Disease (2022),lightgbm,LightGBM,1,RaceEthnicityCategory_Multiracial_Non_Hispanic,0.005491496232181676,63
dataset1,Personal Key Indicators of Heart Disease (2022),lightgbm,LightGBM,1,State_South_Carolina,0.005426916807348126,64
dataset1,Personal Key Indicators of Heart Disease (2022),lightgbm,LightGBM,1,AgeCategory_Age_55_to_59,0.005329492001731205,65
dataset1,Personal Key Indicators of Heart Disease (2022),lightgbm,LightGBM,1,AgeCategory_Age_60_to_64,0.005097598757291991,66
dataset1,Personal Key Indicators of Heart Disease (2022),lightgbm,LightGBM,1,State_Georgia,0.00497463226690584,67
dataset1,Personal Key Indicators of Heart Disease (2022),lightgbm,LightGBM,1,State_New_York,0.004355006457172744,68
dataset1,Personal Key Indicators of Heart Disease (2022),lightgbm,LightGBM,1,LastCheckupTime_Within_past_2_years_1_year_but_less_than_2_years_ago_,0.004345044304253901,69
dataset1,Personal Key Indicators of Heart Disease (2022),lightgbm,LightGBM,1,RemovedTeeth_6_or_more_but_not_all,0.0041114880557749055,70
dataset1,Personal Key Indicators of Heart Disease (2022),lightgbm,LightGBM,1,DifficultyErrands,0.003974053309246613,71
dataset1,Personal Key Indicators of Heart Disease (2022),lightgbm,LightGBM,1,HadSkinCancer,0.003949937881659025,72
dataset1,Personal Key Indicators of Heart Disease (2022),lightgbm,LightGBM,1,State_Maine,0.0035026221039969998,73
dataset1,Personal Key Indicators of Heart Disease (2022),lightgbm,LightGBM,1,State_Colorado,0.003374051679048994,74
dataset1,Personal Key Indicators of Heart Disease (2022),lightgbm,LightGBM,1,ECigaretteUsage_Not_at_all_right_now_,0.003349097710067133,75
dataset1,Personal Key Indicators of Heart Disease (2022),lightgbm,LightGBM,1,RaceEthnicityCategory_Hispanic,0.0032302757759832823,76
dataset1,Personal Key Indicators of Heart Disease (2022),lightgbm,LightGBM,1,State_Delaware,0.0030888755468904106,77
dataset1,Personal Key Indicators of Heart Disease (2022),lightgbm,LightGBM,1,ECigaretteUsage_Never_used_e_cigarettes_in_my_entire_life,0.002814537718953036,78
dataset1,Personal Key Indicators of Heart Disease (2022),lightgbm,LightGBM,1,RaceEthnicityCategory_Other_race_only_Non_Hispanic,0.002784211383681429,79
dataset1,Personal Key Indicators of Heart Disease (2022),lightgbm,LightGBM,1,State_South_Dakota,0.002577401828292793,80
dataset1,Personal Key Indicators of Heart Disease (2022),lightgbm,LightGBM,1,State_Texas,0.0025110195438959705,81
dataset1,Personal Key Indicators of Heart Disease (2022),lightgbm,LightGBM,1,State_Mississippi,0.002467532477150094,82
dataset1,Personal Key Indicators of Heart Disease (2022),lightgbm,LightGBM,1,HighRiskLastYear,0.0022923925729059955,83
dataset1,Personal Key Indicators of Heart Disease (2022),lightgbm,LightGBM,1,State_California,0.0021927945400804384,84
dataset1,Personal Key Indicators of Heart Disease (2022),lightgbm,LightGBM,1,ECigaretteUsage_Use_them_every_day,0.0021626332285231316,85
dataset1,Personal Key Indicators of Heart Disease (2022),lightgbm,LightGBM,1,State_Hawaii,0.002039710598030919,86
dataset1,Personal Key Indicators of Heart Disease (2022),lightgbm,LightGBM,1,State_Tennessee,0.0018952167955814641,87
dataset1,Personal Key Indicators of Heart Disease (2022),lightgbm,LightGBM,1,SmokerStatus_Former_smoker,0.001856254609831044,88
dataset1,Personal Key Indicators of Heart Disease (2022),lightgbm,LightGBM,1,DifficultyDressingBathing,0.0018512937675530608,89
dataset1,Personal Key Indicators of Heart Disease (2022),lightgbm,LightGBM,1,State_Oklahoma,0.00184093308012791,90
dataset1,Personal Key Indicators of Heart Disease (2022),lightgbm,LightGBM,1,State_Wisconsin,0.0017733357549098551,91
dataset1,Personal Key Indicators of Heart Disease (2022),lightgbm,LightGBM,1,State_Puerto_Rico,0.0016842502923726653,92
dataset1,Personal Key Indicators of Heart Disease (2022),lightgbm,LightGBM,1,State_Iowa,0.0016787671990582103,93
dataset1,Personal Key Indicators of Heart Disease (2022),lightgbm,LightGBM,1,State_Arizona,0.0016232029011801973,94
dataset1,Personal Key Indicators of Heart Disease (2022),lightgbm,LightGBM,1,State_Louisiana,0.0016078517128712891,95
dataset1,Personal Key Indicators of Heart Disease (2022),lightgbm,LightGBM,1,HadDiabetes_No_pre_diabetes_or_borderline_diabetes,0.0016050928605430932,96
dataset1,Personal Key Indicators of Heart Disease (2022),lightgbm,LightGBM,1,State_District_of_Columbia,0.0015806849598643687,97
dataset1,Personal Key Indicators of Heart Disease (2022),lightgbm,LightGBM,1,State_Vermont,0.00147754391773464,98
dataset1,Personal Key Indicators of Heart Disease (2022),lightgbm,LightGBM,1,State_Alaska,0.0014492271627006518,99
dataset1,Personal Key Indicators of Heart Disease (2022),lightgbm,LightGBM,1,State_Florida,0.001205966411884976,100
dataset1,Personal Key Indicators of Heart Disease (2022),lightgbm,LightGBM,1,TetanusLast10Tdap_Yes_received_tetanus_shot_but_not_Tdap,0.0011617902762689307,101
dataset1,Personal Key Indicators of Heart Disease (2022),lightgbm,LightGBM,1,State_Missouri,0.0010726258442766625,102
dataset1,Personal Key Indicators of Heart Disease (2022),lightgbm,LightGBM,1,State_Connecticut,0.001049824818928965,103
dataset1,Personal Key Indicators of Heart Disease (2022),lightgbm,LightGBM,1,SmokerStatus_Current_smoker_now_smokes_some_days,0.0009456376740467592,104
dataset1,Personal Key Indicators of Heart Disease (2022),lightgbm,LightGBM,1,State_Michigan,0.0009270347917944655,105
dataset1,Personal Key Indicators of Heart Disease (2022),lightgbm,LightGBM,1,State_Kentucky,0.0009171596467595431,106
dataset1,Personal Key Indicators of Heart Disease (2022),lightgbm,LightGBM,1,State_Massachusetts,0.0009141067143503193,107
dataset1,Personal Key Indicators of Heart Disease (2022),lightgbm,LightGBM,1,State_New_Hampshire,0.0008620848155811963,108
dataset1,Personal Key Indicators of Heart Disease (2022),lightgbm,LightGBM,1,State_Kansas,0.0008383374586131213,109
dataset1,Personal Key Indicators of Heart Disease (2022),lightgbm,LightGBM,1,State_North_Dakota,0.0008363405646823843,110
dataset1,Personal Key Indicators of Heart Disease (2022),lightgbm,LightGBM,1,State_Ohio,0.0007844576239803211,111
dataset1,Personal Key Indicators of Heart Disease (2022),lightgbm,LightGBM,1,State_Alabama,0.0007351976019958464,112
dataset1,Personal Key Indicators of Heart Disease (2022),lightgbm,LightGBM,1,State_Wyoming,0.000699529253387202,113
dataset1,Personal Key Indicators of Heart Disease (2022),lightgbm,LightGBM,1,State_Pennsylvania,0.0006794748982616063,114
dataset1,Personal Key Indicators of Heart Disease (2022),lightgbm,LightGBM,1,State_New_Mexico,0.0006493928491625786,115
dataset1,Personal Key Indicators of Heart Disease (2022),lightgbm,LightGBM,1,State_Montana,0.0006493568212619517,116
dataset1,Personal Key Indicators of Heart Disease (2022),lightgbm,LightGBM,1,State_Utah,0.0006089362846368757,117
dataset1,Personal Key Indicators of Heart Disease (2022),lightgbm,LightGBM,1,State_Rhode_Island,0.0005606912674503865,118
dataset1,Personal Key Indicators of Heart Disease (2022),lightgbm,LightGBM,1,HadDiabetes_Yes_but_only_during_pregnancy_female_,0.0005373413413775347,119
dataset1,Personal Key Indicators of Heart Disease (2022),lightgbm,LightGBM,1,State_Idaho,0.000525566690463566,120
dataset1,Personal Key Indicators of Heart Disease (2022),lightgbm,LightGBM,1,State_Nevada,0.00048421916946536707,121
dataset1,Personal Key Indicators of Heart Disease (2022),lightgbm,LightGBM,1,State_Indiana,0.00046044179353552165,122
dataset1,Personal Key Indicators of Heart Disease (2022),lightgbm,LightGBM,1,State_Oregon,0.0004448021325482909,123
dataset1,Personal Key Indicators of Heart Disease (2022),lightgbm,LightGBM,1,ECigaretteUsage_Use_them_some_days,0.00044422864577010743,124
dataset1,Personal Key Indicators of Heart Disease (2022),lightgbm,LightGBM,1,State_North_Carolina,0.00042873810081894864,125
dataset1,Personal Key Indicators of Heart Disease (2022),lightgbm,LightGBM,1,State_Virginia,0.0004032052978246516,126
dataset1,Personal Key Indicators of Heart Disease (2022),lightgbm,LightGBM,1,State_Nebraska,0.0002637768018042068,127
dataset1,Personal Key Indicators of Heart Disease (2022),lightgbm,LightGBM,1,State_West_Virginia,0.0001971204333464225,128
dataset1,Personal Key Indicators of Heart Disease (2022),lightgbm,LightGBM,1,State_Guam,0.00017010018352448406,129
dataset1,Personal Key Indicators of Heart Disease (2022),lightgbm,LightGBM,1,State_Arkansas,8.099972793787388e-05,130
dataset1,Personal Key Indicators of Heart Disease (2022),lightgbm,LightGBM,1,State_Virgin_Islands,1.5037353951932043e-05,131
dataset1,Personal Key Indicators of Heart Disease (2022),lightgbm,LightGBM,2,HadAngina,0.3776750216514822,1
dataset1,Personal Key Indicators of Heart Disease (2022),lightgbm,LightGBM,2,ChestScan,0.3232335801216527,2
dataset1,Personal Key Indicators of Heart Disease (2022),lightgbm,LightGBM,2,Sex,0.2699612378655831,3
dataset1,Personal Key Indicators of Heart Disease (2022),lightgbm,LightGBM,2,RemovedTeeth_None_of_them,0.19841585925501384,4
dataset1,Personal Key Indicators of Heart Disease (2022),lightgbm,LightGBM,2,AgeCategory_Age_18_to_24,0.1852717004476547,5
dataset1,Personal Key Indicators of Heart Disease (2022),lightgbm,LightGBM,2,GeneralHealth_Very_good,0.134110833731206,6
dataset1,Personal Key Indicators of Heart Disease (2022),lightgbm,LightGBM,2,AgeCategory_Age_30_to_34,0.12784821209648034,7
dataset1,Personal Key Indicators of Heart Disease (2022),lightgbm,LightGBM,2,GeneralHealth_Excellent,0.1142597946774702,8
dataset1,Personal Key Indicators of Heart Disease (2022),lightgbm,LightGBM,2,AgeCategory_Age_25_to_29,0.09980353202919019,9
dataset1,Personal Key Indicators of Heart Disease (2022),lightgbm,LightGBM,2,HadDiabetes_Yes,0.0940820054588654,10
dataset1,Personal Key Indicators of Heart Disease (2022),lightgbm,LightGBM,2,AgeCategory_Age_40_to_44,0.09307131135235228,11
dataset1,Personal Key Indicators of Heart Disease (2022),lightgbm,LightGBM,2,AgeCategory_Age_80_or_older,0.08964492709425123,12
dataset1,Personal Key Indicators of Heart Disease (2022),lightgbm,LightGBM,2,HadStroke,0.08848838701099856,13
dataset1,Personal Key Indicators of Heart Disease (2022),lightgbm,LightGBM,2,SmokerStatus_Never_smoked,0.08825896915435472,14
dataset1,Personal Key Indicators of Heart Disease (2022),lightgbm,LightGBM,2,AgeCategory_Age_35_to_39,0.08197050981104556,15
dataset1,Personal Key Indicators of Heart Disease (2022),lightgbm,LightGBM,2,DifficultyWalking,0.08105030063695821,16
dataset1,Personal Key Indicators of Heart Disease (2022),lightgbm,LightGBM,2,HadArthritis,0.0786737568855715,17
dataset1,Personal Key Indicators of Heart Disease (2022),lightgbm,LightGBM,2,LastCheckupTime_Within_past_year_anytime_less_than_12_months_ago_,0.07396763046457096,18
dataset1,Personal Key Indicators of Heart Disease (2022),lightgbm,LightGBM,2,AgeCategory_Age_75_to_79,0.06406195358357074,19
dataset1,Personal Key Indicators of Heart Disease (2022),lightgbm,LightGBM,2,RemovedTeeth_1_to_5,0.062128204943774995,20
dataset1,Personal Key Indicators of Heart Disease (2022),lightgbm,LightGBM,2,SleepHours,0.057212501588709455,21
dataset1,Personal Key Indicators of Heart Disease (2022),lightgbm,LightGBM,2,HadCOPD,0.052863801691916706,22
dataset1,Personal Key Indicators of Heart Disease (2022),lightgbm,LightGBM,2,BMI,0.050864528010099004,23
dataset1,Personal Key Indicators of Heart Disease (2022),lightgbm,LightGBM,2,WeightInKilograms,0.04747052880532299,24
dataset1,Personal Key Indicators of Heart Disease (2022),lightgbm,LightGBM,2,AlcoholDrinkers,0.04685268295079131,25
dataset1,Personal Key Indicators of Heart Disease (2022),lightgbm,LightGBM,2,AgeCategory_Age_70_to_74,0.04556887448279812,26
dataset1,Personal Key Indicators of Heart Disease (2022),lightgbm,LightGBM,2,PhysicalHealthDays,0.04477674937939506,27
dataset1,Personal Key Indicators of Heart Disease (2022),lightgbm,LightGBM,2,MentalHealthDays,0.04325849545558846,28
dataset1,Personal Key Indicators of Heart Disease (2022),lightgbm,LightGBM,2,TetanusLast10Tdap_No_did_not_receive_any_tetanus_shot_in_the_past_10_years,0.04219745190705232,29
dataset1,Personal Key Indicators of Heart Disease (2022),lightgbm,LightGBM,2,GeneralHealth_Fair,0.04104782976914743,30
dataset1,Personal Key Indicators of Heart Disease (2022),lightgbm,LightGBM,2,AgeCategory_Age_45_to_49,0.0376214728205244,31
dataset1,Personal Key Indicators of Heart Disease (2022),lightgbm,LightGBM,2,TetanusLast10Tdap_Yes_received_Tdap,0.03460535980248795,32
dataset1,Personal Key Indicators of Heart Disease (2022),lightgbm,LightGBM,2,HIVTesting,0.0329026079830374,33
dataset1,Personal Key Indicators of Heart Disease (2022),lightgbm,LightGBM,2,HadDiabetes_No,0.03139195665552302,34
dataset1,Personal Key Indicators of Heart Disease (2022),lightgbm,LightGBM,2,CovidPos_Tested_positive_using_home_test_without_a_health_professional,0.028810801554015095,35
dataset1,Personal Key Indicators of Heart Disease (2022),lightgbm,LightGBM,2,DeafOrHardOfHearing,0.02688237128242171,36
dataset1,Personal Key Indicators of Heart Disease (2022),lightgbm,LightGBM,2,AgeCategory_Age_50_to_54,0.02624252496911399,37
dataset1,Personal Key Indicators of Heart Disease (2022),lightgbm,LightGBM,2,HeightInMeters,0.0246150046169252,38
dataset1,Personal Key Indicators of Heart Disease (2022),lightgbm,LightGBM,2,HadKidneyDisease,0.022271110095902606,39
dataset1,Personal Key Indicators of Heart Disease (2022),lightgbm,LightGBM,2,RaceEthnicityCategory_Black_only_Non_Hispanic,0.02219424869031792,40
dataset1,Personal Key Indicators of Heart Disease (2022),lightgbm,LightGBM,2,CovidPos_No,0.020586191474296266,41
dataset1,Personal Key Indicators of Heart Disease (2022),lightgbm,LightGBM,2,GeneralHealth_Poor,0.01731224156006609,42
dataset1,Personal Key Indicators of Heart Disease (2022),lightgbm,LightGBM,2,BlindOrVisionDifficulty,0.01683041202819844,43
dataset1,Personal Key Indicators of Heart Disease (2022),lightgbm,LightGBM,2,RemovedTeeth_All,0.016595191797911094,44
dataset1,Personal Key Indicators of Heart Disease (2022),lightgbm,LightGBM,2,FluVaxLast12,0.016545937128668208,45
dataset1,Personal Key Indicators of Heart Disease (2022),lightgbm,LightGBM,2,PhysicalActivities,0.014392822489938135,46
dataset1,Personal Key Indicators of Heart Disease (2022),lightgbm,LightGBM,2,AgeCategory_Age_65_to_69,0.013863187643464326,47
dataset1,Personal Key Indicators of Heart Disease (2022),lightgbm,LightGBM,2,HadDepressiveDisorder,0.01373081236839214,48
dataset1,Personal Key Indicators of Heart Disease (2022),lightgbm,LightGBM,2,PneumoVaxEver,0.012883978996513898,49
dataset1,Personal Key Indicators of Heart Disease (2022),lightgbm,LightGBM,2,SmokerStatus_Current_smoker_now_smokes_every_day,0.011528585993688827,50
dataset1,Personal Key Indicators of Heart Disease (2022),lightgbm,LightGBM,2,GeneralHealth_Good,0.008819874450286766,51
dataset1,Personal Key Indicators of Heart Disease (2022),lightgbm,LightGBM,2,DifficultyConcentrating,0.008735574694845918,52
dataset1,Personal Key Indicators of Heart Disease (2022),lightgbm,LightGBM,2,AgeCategory_Age_60_to_64,0.008134133988276825,53
dataset1,Personal Key Indicators of Heart Disease (2022),lightgbm,LightGBM,2,HadAsthma,0.007365917336235972,54
dataset1,Personal Key Indicators of Heart Disease (2022),lightgbm,LightGBM,2,TetanusLast10Tdap_Yes_received_tetanus_shot_but_not_sure_what_type,0.007179142293731857,55
dataset1,Personal Key Indicators of Heart Disease (2022),lightgbm,LightGBM,2,State_Washington,0.006966916543154839,56
dataset1,Personal Key Indicators of Heart Disease (2022),lightgbm,LightGBM,2,State_New_York,0.006834792652994791,57
dataset1,Personal Key Indicators of Heart Disease (2022),lightgbm,LightGBM,2,RaceEthnicityCategory_Multiracial_Non_Hispanic,0.006235673964615425,58
dataset1,Personal Key Indicators of Heart Disease (2022),lightgbm,LightGBM,2,ECigaretteUsage_Not_at_all_right_now_,0.00614535813467521,59
dataset1,Personal Key Indicators of Heart Disease (2022),lightgbm,LightGBM,2,LastCheckupTime_5_or_more_years_ago,0.006069759876912439,60
dataset1,Personal Key Indicators of Heart Disease (2022),lightgbm,LightGBM,2,AgeCategory_Age_55_to_59,0.005905602265010324,61
dataset1,Personal Key Indicators of Heart Disease (2022),lightgbm,LightGBM,2,State_Maryland,0.005781017107360786,62
dataset1,Personal Key Indicators of Heart Disease (2022),lightgbm,LightGBM,2,State_New_Jersey,0.005350046411542564,63
dataset1,Personal Key Indicators of Heart Disease (2022),lightgbm,LightGBM,2,State_Illinois,0.005021493832340132,64
dataset1,Personal Key Indicators of Heart Disease (2022),lightgbm,LightGBM,2,HadSkinCancer,0.004521463776510936,65
dataset1,Personal Key Indicators of Heart Disease (2022),lightgbm,LightGBM,2,State_Minnesota,0.004434355528858283,66
dataset1,Personal Key Indicators of Heart Disease (2022),lightgbm,LightGBM,2,RaceEthnicityCategory_White_only_Non_Hispanic,0.004350961717368359,67
dataset1,Personal Key Indicators of Heart Disease (2022),lightgbm,LightGBM,2,State_Maine,0.004250549302304815,68
dataset1,Personal Key Indicators of Heart Disease (2022),lightgbm,LightGBM,2,State_Kansas,0.004148970251590583,69
dataset1,Personal Key Indicators of Heart Disease (2022),lightgbm,LightGBM,2,LastCheckupTime_Within_past_5_years_2_years_but_less_than_5_years_ago_,0.003967133954899446,70
dataset1,Personal Key Indicators of Heart Disease (2022),lightgbm,LightGBM,2,RemovedTeeth_6_or_more_but_not_all,0.003961794477562719,71
dataset1,Personal Key Indicators of Heart Disease (2022),lightgbm,LightGBM,2,ECigaretteUsage_Never_used_e_cigarettes_in_my_entire_life,0.0036745148772658366,72
dataset1,Personal Key Indicators of Heart Disease (2022),lightgbm,LightGBM,2,State_Puerto_Rico,0.0036316454214255236,73
dataset1,Personal Key Indicators of Heart Disease (2022),lightgbm,LightGBM,2,RaceEthnicityCategory_Hispanic,0.003385765562427556,74
dataset1,Personal Key Indicators of Heart Disease (2022),lightgbm,LightGBM,2,State_Delaware,0.0031475497548031387,75
dataset1,Personal Key Indicators of Heart Disease (2022),lightgbm,LightGBM,2,State_South_Dakota,0.003087966720590408,76
dataset1,Personal Key Indicators of Heart Disease (2022),lightgbm,LightGBM,2,State_Hawaii,0.0029994071518363126,77
dataset1,Personal Key Indicators of Heart Disease (2022),lightgbm,LightGBM,2,State_North_Dakota,0.0029314541768904532,78
dataset1,Personal Key Indicators of Heart Disease (2022),lightgbm,LightGBM,2,State_Wisconsin,0.00285695147637115,79
dataset1,Personal Key Indicators of Heart Disease (2022),lightgbm,LightGBM,2,State_Colorado,0.0027138181356867563,80
dataset1,Personal Key Indicators of Heart Disease (2022),lightgbm,LightGBM,2,State_Missouri,0.0024949426170692308,81
dataset1,Personal Key Indicators of Heart Disease (2022),lightgbm,LightGBM,2,State_Texas,0.0024806312816012654,82
dataset1,Personal Key Indicators of Heart Disease (2022),lightgbm,LightGBM,2,SmokerStatus_Former_smoker,0.002392876960028496,83
dataset1,Personal Key Indicators of Heart Disease (2022),lightgbm,LightGBM,2,ECigaretteUsage_Use_them_some_days,0.0022538668072880795,84
dataset1,Personal Key Indicators of Heart Disease (2022),lightgbm,LightGBM,2,DifficultyErrands,0.002105632251804454,85
dataset1,Personal Key Indicators of Heart Disease (2022),lightgbm,LightGBM,2,ECigaretteUsage_Use_them_every_day,0.002073270455972878,86
dataset1,Personal Key Indicators of Heart Disease (2022),lightgbm,LightGBM,2,State_Nevada,0.001934955835288501,87
dataset1,Personal Key Indicators of Heart Disease (2022),lightgbm,LightGBM,2,State_California,0.0018225082820925425,88
dataset1,Personal Key Indicators of Heart Disease (2022),lightgbm,LightGBM,2,RaceEthnicityCategory_Other_race_only_Non_Hispanic,0.0017392582058937958,89
dataset1,Personal Key Indicators of Heart Disease (2022),lightgbm,LightGBM,2,DifficultyDressingBathing,0.0016915842605420056,90
dataset1,Personal Key Indicators of Heart Disease (2022),lightgbm,LightGBM,2,SmokerStatus_Current_smoker_now_smokes_some_days,0.0016900217409993087,91
dataset1,Personal Key Indicators of Heart Disease (2022),lightgbm,LightGBM,2,State_Massachusetts,0.0016031471422855673,92
dataset1,Personal Key Indicators of Heart Disease (2022),lightgbm,LightGBM,2,State_Oklahoma,0.0015693310171094846,93
dataset1,Personal Key Indicators of Heart Disease (2022),lightgbm,LightGBM,2,State_Virginia,0.0015190065061868555,94
dataset1,Personal Key Indicators of Heart Disease (2022),lightgbm,LightGBM,2,State_South_Carolina,0.0015134665006108234,95
dataset1,Personal Key Indicators of Heart Disease (2022),lightgbm,LightGBM,2,State_Ohio,0.0014884060162460356,96
dataset1,Personal Key Indicators of Heart Disease (2022),lightgbm,LightGBM,2,State_Indiana,0.0014410482927571292,97
dataset1,Personal Key Indicators of Heart Disease (2022),lightgbm,LightGBM,2,State_Florida,0.001386863454800498,98
dataset1,Personal Key Indicators of Heart Disease (2022),lightgbm,LightGBM,2,TetanusLast10Tdap_Yes_received_tetanus_shot_but_not_Tdap,0.0013725772267781022,99
dataset1,Personal Key Indicators of Heart Disease (2022),lightgbm,LightGBM,2,State_Georgia,0.0013638529311026768,100
dataset1,Personal Key Indicators of Heart Disease (2022),lightgbm,LightGBM,2,State_District_of_Columbia,0.0013514671881724337,101
dataset1,Personal Key Indicators of Heart Disease (2022),lightgbm,LightGBM,2,State_Connecticut,0.00124679621122579,102
dataset1,Personal Key Indicators of Heart Disease (2022),lightgbm,LightGBM,2,State_West_Virginia,0.0012166757935367064,103
dataset1,Personal Key Indicators of Heart Disease (2022),lightgbm,LightGBM,2,State_Utah,0.0011592364733400858,104
dataset1,Personal Key Indicators of Heart Disease (2022),lightgbm,LightGBM,2,State_Tennessee,0.0011437164442111107,105
dataset1,Personal Key Indicators of Heart Disease (2022),lightgbm,LightGBM,2,LastCheckupTime_Within_past_2_years_1_year_but_less_than_2_years_ago_,0.0011396749165872224,106
dataset1,Personal Key Indicators of Heart Disease (2022),lightgbm,LightGBM,2,State_Arkansas,0.0010632147137244492,107
dataset1,Personal Key Indicators of Heart Disease (2022),lightgbm,LightGBM,2,State_Rhode_Island,0.0010212857091180323,108
dataset1,Personal Key Indicators of Heart Disease (2022),lightgbm,LightGBM,2,State_New_Hampshire,0.0010090985777842384,109
dataset1,Personal Key Indicators of Heart Disease (2022),lightgbm,LightGBM,2,State_Vermont,0.0009692464772338961,110
dataset1,Personal Key Indicators of Heart Disease (2022),lightgbm,LightGBM,2,State_Louisiana,0.000941467848522863,111
dataset1,Personal Key Indicators of Heart Disease (2022),lightgbm,LightGBM,2,State_Mississippi,0.0008945084274764424,112
dataset1,Personal Key Indicators of Heart Disease (2022),lightgbm,LightGBM,2,State_North_Carolina,0.0008904664247061576,113
dataset1,Personal Key Indicators of Heart Disease (2022),lightgbm,LightGBM,2,HighRiskLastYear,0.000880428552797953,114
dataset1,Personal Key Indicators of Heart Disease (2022),lightgbm,LightGBM,2,State_Montana,0.0008344368190642837,115
dataset1,Personal Key Indicators of Heart Disease (2022),lightgbm,LightGBM,2,State_Kentucky,0.0007936407013975795,116
dataset1,Personal Key Indicators of Heart Disease (2022),lightgbm,LightGBM,2,HadDiabetes_No_pre_diabetes_or_borderline_diabetes,0.0007439615256375215,117
dataset1,Personal Key Indicators of Heart Disease (2022),lightgbm,LightGBM,2,HadDiabetes_Yes_but_only_during_pregnancy_female_,0.0006915554067717171,118
dataset1,Personal Key Indicators of Heart Disease (2022),lightgbm,LightGBM,2,State_Arizona,0.0006786426401893982,119
dataset1,Personal Key Indicators of Heart Disease (2022),lightgbm,LightGBM,2,State_Nebraska,0.0006163006216539152,120
dataset1,Personal Key Indicators of Heart Disease (2022),lightgbm,LightGBM,2,State_Alabama,0.0005963974890735951,121
dataset1,Personal Key Indicators of Heart Disease (2022),lightgbm,LightGBM,2,State_Iowa,0.0005366922055062363,122
dataset1,Personal Key Indicators of Heart Disease (2022),lightgbm,LightGBM,2,State_New_Mexico,0.0004916454556364284,123
dataset1,Personal Key Indicators of Heart Disease (2022),lightgbm,LightGBM,2,State_Pennsylvania,0.00045019328251081606,124
dataset1,Personal Key Indicators of Heart Disease (2022),lightgbm,LightGBM,2,State_Oregon,0.0004305770373595656,125
dataset1,Personal Key Indicators of Heart Disease (2022),lightgbm,LightGBM,2,State_Idaho,0.0003826536107742562,126
dataset1,Personal Key Indicators of Heart Disease (2022),lightgbm,LightGBM,2,State_Wyoming,0.0003360613599955679,127
dataset1,Personal Key Indicators of Heart Disease (2022),lightgbm,LightGBM,2,State_Michigan,0.00028321170742639086,128
dataset1,Personal Key Indicators of Heart Disease (2022),lightgbm,LightGBM,2,State_Alaska,0.00025716877344863587,129
dataset1,Personal Key Indicators of Heart Disease (2022),lightgbm,LightGBM,2,State_Guam,0.00024585729590329204,130
dataset1,Personal Key Indicators of Heart Disease (2022),lightgbm,LightGBM,2,State_Virgin_Islands,0.00012296358610027177,131
dataset1,Personal Key Indicators of Heart Disease (2022),lightgbm,LightGBM,3,HadAngina,0.38919831349824685,1
dataset1,Personal Key Indicators of Heart Disease (2022),lightgbm,LightGBM,3,ChestScan,0.32660495627616243,2
dataset1,Personal Key Indicators of Heart Disease (2022),lightgbm,LightGBM,3,Sex,0.2741690630695276,3
dataset1,Personal Key Indicators of Heart Disease (2022),lightgbm,LightGBM,3,RemovedTeeth_None_of_them,0.19174578055213853,4
dataset1,Personal Key Indicators of Heart Disease (2022),lightgbm,LightGBM,3,AgeCategory_Age_18_to_24,0.1574820384666748,5
dataset1,Personal Key Indicators of Heart Disease (2022),lightgbm,LightGBM,3,GeneralHealth_Excellent,0.13054752287109758,6
dataset1,Personal Key Indicators of Heart Disease (2022),lightgbm,LightGBM,3,GeneralHealth_Very_good,0.12764871900807784,7
dataset1,Personal Key Indicators of Heart Disease (2022),lightgbm,LightGBM,3,AgeCategory_Age_25_to_29,0.10927000625805522,8
dataset1,Personal Key Indicators of Heart Disease (2022),lightgbm,LightGBM,3,AgeCategory_Age_40_to_44,0.10547976764647313,9
dataset1,Personal Key Indicators of Heart Disease (2022),lightgbm,LightGBM,3,AgeCategory_Age_30_to_34,0.09952915984652995,10
dataset1,Personal Key Indicators of Heart Disease (2022),lightgbm,LightGBM,3,HadStroke,0.0963748896347323,11
dataset1,Personal Key Indicators of Heart Disease (2022),lightgbm,LightGBM,3,AgeCategory_Age_80_or_older,0.09203067938453835,12
dataset1,Personal Key Indicators of Heart Disease (2022),lightgbm,LightGBM,3,AgeCategory_Age_35_to_39,0.08377865783177713,13
dataset1,Personal Key Indicators of Heart Disease (2022),lightgbm,LightGBM,3,HadArthritis,0.08226194999489729,14
dataset1,Personal Key Indicators of Heart Disease (2022),lightgbm,LightGBM,3,SmokerStatus_Never_smoked,0.08162350748191065,15
dataset1,Personal Key Indicators of Heart Disease (2022),lightgbm,LightGBM,3,HadDiabetes_Yes,0.0790392883044633,16
dataset1,Personal Key Indicators of Heart Disease (2022),lightgbm,LightGBM,3,DifficultyWalking,0.07418159057190057,17
dataset1,Personal Key Indicators of Heart Disease (2022),lightgbm,LightGBM,3,LastCheckupTime_Within_past_year_anytime_less_than_12_months_ago_,0.06548715955228773,18
dataset1,Personal Key Indicators of Heart Disease (2022),lightgbm,LightGBM,3,AlcoholDrinkers,0.06440643960054812,19
dataset1,Personal Key Indicators of Heart Disease (2022),lightgbm,LightGBM,3,AgeCategory_Age_75_to_79,0.06019238632646461,20
dataset1,Personal Key Indicators of Heart Disease (2022),lightgbm,LightGBM,3,RemovedTeeth_1_to_5,0.05932399226775993,21
dataset1,Personal Key Indicators of Heart Disease (2022),lightgbm,LightGBM,3,AgeCategory_Age_70_to_74,0.05916100700107414,22
dataset1,Personal Key Indicators of Heart Disease (2022),lightgbm,LightGBM,3,TetanusLast10Tdap_No_did_not_receive_any_tetanus_shot_in_the_past_10_years,0.05443149868855093,23
dataset1,Personal Key Indicators of Heart Disease (2022),lightgbm,LightGBM,3,SleepHours,0.05005529902366849,24
dataset1,Personal Key Indicators of Heart Disease (2022),lightgbm,LightGBM,3,MentalHealthDays,0.045733384878683496,25
dataset1,Personal Key Indicators of Heart Disease (2022),lightgbm,LightGBM,3,GeneralHealth_Fair,0.0444837843387315,26
dataset1,Personal Key Indicators of Heart Disease (2022),lightgbm,LightGBM,3,AgeCategory_Age_45_to_49,0.043160583307817205,27
dataset1,Personal Key Indicators of Heart Disease (2022),lightgbm,LightGBM,3,WeightInKilograms,0.04298699023168742,28
dataset1,Personal Key Indicators of Heart Disease (2022),lightgbm,LightGBM,3,HadCOPD,0.04156810566913345,29
dataset1,Personal Key Indicators of Heart Disease (2022),lightgbm,LightGBM,3,TetanusLast10Tdap_Yes_received_Tdap,0.040854069101155625,30
dataset1,Personal Key Indicators of Heart Disease (2022),lightgbm,LightGBM,3,HIVTesting,0.04083239104188869,31
dataset1,Personal Key Indicators of Heart Disease (2022),lightgbm,LightGBM,3,HadDiabetes_No,0.03880014361331452,32
dataset1,Personal Key Indicators of Heart Disease (2022),lightgbm,LightGBM,3,BMI,0.035156911118663106,33
dataset1,Personal Key Indicators of Heart Disease (2022),lightgbm,LightGBM,3,PhysicalHealthDays,0.03503021923197058,34
dataset1,Personal Key Indicators of Heart Disease (2022),lightgbm,LightGBM,3,RemovedTeeth_All,0.028527262523166366,35
dataset1,Personal Key Indicators of Heart Disease (2022),lightgbm,LightGBM,3,RaceEthnicityCategory_Black_only_Non_Hispanic,0.028472373333017265,36
dataset1,Personal Key Indicators of Heart Disease (2022),lightgbm,LightGBM,3,GeneralHealth_Poor,0.02846302083733197,37
dataset1,Personal Key Indicators of Heart Disease (2022),lightgbm,LightGBM,3,HeightInMeters,0.028297293940063407,38
dataset1,Personal Key Indicators of Heart Disease (2022),lightgbm,LightGBM,3,PhysicalActivities,0.024648775246740057,39
dataset1,Personal Key Indicators of Heart Disease (2022),lightgbm,LightGBM,3,DeafOrHardOfHearing,0.02069748696810698,40
dataset1,Personal Key Indicators of Heart Disease (2022),lightgbm,LightGBM,3,CovidPos_No,0.020416559369052817,41
dataset1,Personal Key Indicators of Heart Disease (2022),lightgbm,LightGBM,3,HadKidneyDisease,0.02036604123928881,42
dataset1,Personal Key Indicators of Heart Disease (2022),lightgbm,LightGBM,3,AgeCategory_Age_50_to_54,0.020137825700273494,43
dataset1,Personal Key Indicators of Heart Disease (2022),lightgbm,LightGBM,3,SmokerStatus_Current_smoker_now_smokes_every_day,0.019112970581522944,44
dataset1,Personal Key Indicators of Heart Disease (2022),lightgbm,LightGBM,3,CovidPos_Tested_positive_using_home_test_without_a_health_professional,0.01645722580938202,45
dataset1,Personal Key Indicators of Heart Disease (2022),lightgbm,LightGBM,3,HadDepressiveDisorder,0.016288843849404364,46
dataset1,Personal Key Indicators of Heart Disease (2022),lightgbm,LightGBM,3,FluVaxLast12,0.015617867812105127,47
dataset1,Personal Key Indicators of Heart Disease (2022),lightgbm,LightGBM,3,AgeCategory_Age_65_to_69,0.014880050434307825,48
dataset1,Personal Key Indicators of Heart Disease (2022),lightgbm,LightGBM,3,PneumoVaxEver,0.013777787414773823,49
dataset1,Personal Key Indicators of Heart Disease (2022),lightgbm,LightGBM,3,BlindOrVisionDifficulty,0.013139050201897439,50
dataset1,Personal Key Indicators of Heart Disease (2022),lightgbm,LightGBM,3,GeneralHealth_Good,0.012411016174820495,51
dataset1,Personal Key Indicators of Heart Disease (2022),lightgbm,LightGBM,3,HadAsthma,0.012311417411614145,52
dataset1,Personal Key Indicators of Heart Disease (2022),lightgbm,LightGBM,3,DifficultyConcentrating,0.010224286788421442,53
dataset1,Personal Key Indicators of Heart Disease (2022),lightgbm,LightGBM,3,AgeCategory_Age_55_to_59,0.009322633747857832,54
dataset1,Personal Key Indicators of Heart Disease (2022),lightgbm,LightGBM,3,TetanusLast10Tdap_Yes_received_tetanus_shot_but_not_sure_what_type,0.00896425368429905,55
dataset1,Personal Key Indicators of Heart Disease (2022),lightgbm,LightGBM,3,LastCheckupTime_5_or_more_years_ago,0.008240642640453216,56
dataset1,Personal Key Indicators of Heart Disease (2022),lightgbm,LightGBM,3,DifficultyErrands,0.008235599863090508,57
dataset1,Personal Key Indicators of Heart Disease (2022),lightgbm,LightGBM,3,State_New_Jersey,0.006342264126685617,58
dataset1,Personal Key Indicators of Heart Disease (2022),lightgbm,LightGBM,3,State_Maryland,0.006096078622770859,59
dataset1,Personal Key Indicators of Heart Disease (2022),lightgbm,LightGBM,3,State_Washington,0.005803581520034395,60
dataset1,Personal Key Indicators of Heart Disease (2022),lightgbm,LightGBM,3,State_Illinois,0.005458354298582681,61
dataset1,Personal Key Indicators of Heart Disease (2022),lightgbm,LightGBM,3,AgeCategory_Age_60_to_64,0.005021903232237254,62
dataset1,Personal Key Indicators of Heart Disease (2022),lightgbm,LightGBM,3,RaceEthnicityCategory_Multiracial_Non_Hispanic,0.004862404777567662,63
dataset1,Personal Key Indicators of Heart Disease (2022),lightgbm,LightGBM,3,HadSkinCancer,0.0046457608676802875,64
dataset1,Personal Key Indicators of Heart Disease (2022),lightgbm,LightGBM,3,ECigaretteUsage_Never_used_e_cigarettes_in_my_entire_life,0.004618711743842757,65
dataset1,Personal Key Indicators of Heart Disease (2022),lightgbm,LightGBM,3,RaceEthnicityCategory_White_only_Non_Hispanic,0.004382553205491956,66
dataset1,Personal Key Indicators of Heart Disease (2022),lightgbm,LightGBM,3,State_Colorado,0.003991759732385604,67
dataset1,Personal Key Indicators of Heart Disease (2022),lightgbm,LightGBM,3,State_New_York,0.0037277000337927664,68
dataset1,Personal Key Indicators of Heart Disease (2022),lightgbm,LightGBM,3,State_Delaware,0.0034664144837928765,69
dataset1,Personal Key Indicators of Heart Disease (2022),lightgbm,LightGBM,3,State_Tennessee,0.00324885970430116,70
dataset1,Personal Key Indicators of Heart Disease (2022),lightgbm,LightGBM,3,ECigaretteUsage_Not_at_all_right_now_,0.003174155982300109,71
dataset1,Personal Key Indicators of Heart Disease (2022),lightgbm,LightGBM,3,State_Virginia,0.0030780564464288267,72
dataset1,Personal Key Indicators of Heart Disease (2022),lightgbm,LightGBM,3,RaceEthnicityCategory_Hispanic,0.002837622275833683,73
dataset1,Personal Key Indicators of Heart Disease (2022),lightgbm,LightGBM,3,State_Vermont,0.0027980381376447507,74
dataset1,Personal Key Indicators of Heart Disease (2022),lightgbm,LightGBM,3,State_Hawaii,0.002693773191754694,75
dataset1,Personal Key Indicators of Heart Disease (2022),lightgbm,LightGBM,3,State_Puerto_Rico,0.002691540245845877,76
dataset1,Personal Key Indicators of Heart Disease (2022),lightgbm,LightGBM,3,State_Maine,0.00259924595401402,77
dataset1,Personal Key Indicators of Heart Disease (2022),lightgbm,LightGBM,3,SmokerStatus_Former_smoker,0.0025720306504217845,78
dataset1,Personal Key Indicators of Heart Disease (2022),lightgbm,LightGBM,3,TetanusLast10Tdap_Yes_received_tetanus_shot_but_not_Tdap,0.002539936213246054,79
dataset1,Personal Key Indicators of Heart Disease (2022),lightgbm,LightGBM,3,State_Massachusetts,0.0025332875290282075,80
dataset1,Personal Key Indicators of Heart Disease (2022),lightgbm,LightGBM,3,State_Arizona,0.0023946858393407164,81
dataset1,Personal Key Indicators of Heart Disease (2022),lightgbm,LightGBM,3,State_Florida,0.0021348703492863985,82
dataset1,Personal Key Indicators of Heart Disease (2022),lightgbm,LightGBM,3,RaceEthnicityCategory_Other_race_only_Non_Hispanic,0.0020285653071389865,83
dataset1,Personal Key Indicators of Heart Disease (2022),lightgbm,LightGBM,3,State_District_of_Columbia,0.001988033279971906,84
dataset1,Personal Key Indicators of Heart Disease (2022),lightgbm,LightGBM,3,LastCheckupTime_Within_past_2_years_1_year_but_less_than_2_years_ago_,0.0018581273027305457,85
dataset1,Personal Key Indicators of Heart Disease (2022),lightgbm,LightGBM,3,State_Missouri,0.0018367148737100053,86
dataset1,Personal Key Indicators of Heart Disease (2022),lightgbm,LightGBM,3,State_Wisconsin,0.0016485537204288109,87
dataset1,Personal Key Indicators of Heart Disease (2022),lightgbm,LightGBM,3,State_New_Hampshire,0.0016308067182080018,88
dataset1,Personal Key Indicators of Heart Disease (2022),lightgbm,LightGBM,3,RemovedTeeth_6_or_more_but_not_all,0.0016040142109373199,89
dataset1,Personal Key Indicators of Heart Disease (2022),lightgbm,LightGBM,3,State_Mississippi,0.0015649926694103775,90
dataset1,Personal Key Indicators of Heart Disease (2022),lightgbm,LightGBM,3,State_South_Dakota,0.0015508098327595484,91
dataset1,Personal Key Indicators of Heart Disease (2022),lightgbm,LightGBM,3,SmokerStatus_Current_smoker_now_smokes_some_days,0.0015408435000644261,92
dataset1,Personal Key Indicators of Heart Disease (2022),lightgbm,LightGBM,3,DifficultyDressingBathing,0.0015305375637805344,93
dataset1,Personal Key Indicators of Heart Disease (2022),lightgbm,LightGBM,3,State_Texas,0.0014862945832025784,94
dataset1,Personal Key Indicators of Heart Disease (2022),lightgbm,LightGBM,3,ECigaretteUsage_Use_them_every_day,0.0014758143945246974,95
dataset1,Personal Key Indicators of Heart Disease (2022),lightgbm,LightGBM,3,LastCheckupTime_Within_past_5_years_2_years_but_less_than_5_years_ago_,0.0014058651422237272,96
dataset1,Personal Key Indicators of Heart Disease (2022),lightgbm,LightGBM,3,HadDiabetes_No_pre_diabetes_or_borderline_diabetes,0.0014030130626609015,97
dataset1,Personal Key Indicators of Heart Disease (2022),lightgbm,LightGBM,3,State_South_Carolina,0.001356064822880126,98
dataset1,Personal Key Indicators of Heart Disease (2022),lightgbm,LightGBM,3,State_Georgia,0.0012901873000449365,99
dataset1,Personal Key Indicators of Heart Disease (2022),lightgbm,LightGBM,3,State_Kansas,0.0012104722098008657,100
dataset1,Personal Key Indicators of Heart Disease (2022),lightgbm,LightGBM,3,State_Connecticut,0.0012053461544487766,101
dataset1,Personal Key Indicators of Heart Disease (2022),lightgbm,LightGBM,3,State_Minnesota,0.0011882747070127715,102
dataset1,Personal Key Indicators of Heart Disease (2022),lightgbm,LightGBM,3,State_Pennsylvania,0.001150552611157674,103
dataset1,Personal Key Indicators of Heart Disease (2022),lightgbm,LightGBM,3,HighRiskLastYear,0.0009783260377474207,104
dataset1,Personal Key Indicators of Heart Disease (2022),lightgbm,LightGBM,3,State_Nevada,0.0008744098955450979,105
dataset1,Personal Key Indicators of Heart Disease (2022),lightgbm,LightGBM,3,State_Oregon,0.0008669144139339353,106
dataset1,Personal Key Indicators of Heart Disease (2022),lightgbm,LightGBM,3,State_Montana,0.0008007246460857341,107
dataset1,Personal Key Indicators of Heart Disease (2022),lightgbm,LightGBM,3,State_Kentucky,0.0007749623512038409,108
dataset1,Personal Key Indicators of Heart Disease (2022),lightgbm,LightGBM,3,State_Oklahoma,0.000702666354950452,109
dataset1,Personal Key Indicators of Heart Disease (2022),lightgbm,LightGBM,3,State_Michigan,0.0007022199483176738,110
dataset1,Personal Key Indicators of Heart Disease (2022),lightgbm,LightGBM,3,State_Indiana,0.0006870681036074856,111
dataset1,Personal Key Indicators of Heart Disease (2022),lightgbm,LightGBM,3,ECigaretteUsage_Use_them_some_days,0.000684306273243495,112
dataset1,Personal Key Indicators of Heart Disease (2022),lightgbm,LightGBM,3,State_North_Carolina,0.0006505460193678599,113
dataset1,Personal Key Indicators of Heart Disease (2022),lightgbm,LightGBM,3,State_California,0.0006476134513752613,114
dataset1,Personal Key Indicators of Heart Disease (2022),lightgbm,LightGBM,3,State_North_Dakota,0.0006401859153398263,115
dataset1,Personal Key Indicators of Heart Disease (2022),lightgbm,LightGBM,3,State_Ohio,0.0006194624418762455,116
dataset1,Personal Key Indicators of Heart Disease (2022),lightgbm,LightGBM,3,State_Iowa,0.0006119940863401879,117
dataset1,Personal Key Indicators of Heart Disease (2022),lightgbm,LightGBM,3,State_Virgin_Islands,0.000568042726660565,118
dataset1,Personal Key Indicators of Heart Disease (2022),lightgbm,LightGBM,3,State_Rhode_Island,0.0005198095639206323,119
dataset1,Personal Key Indicators of Heart Disease (2022),lightgbm,LightGBM,3,State_Idaho,0.00045449230894547735,120
dataset1,Personal Key Indicators of Heart Disease (2022),lightgbm,LightGBM,3,State_Wyoming,0.0004491721935402822,121
dataset1,Personal Key Indicators of Heart Disease (2022),lightgbm,LightGBM,3,HadDiabetes_Yes_but_only_during_pregnancy_female_,0.0004363886658556892,122
dataset1,Personal Key Indicators of Heart Disease (2022),lightgbm,LightGBM,3,State_Utah,0.0003922976676192981,123
dataset1,Personal Key Indicators of Heart Disease (2022),lightgbm,LightGBM,3,State_Nebraska,0.0003883212284029446,124
dataset1,Personal Key Indicators of Heart Disease (2022),lightgbm,LightGBM,3,State_Louisiana,0.00037162798515656464,125
dataset1,Personal Key Indicators of Heart Disease (2022),lightgbm,LightGBM,3,State_West_Virginia,0.00031250533050518385,126
dataset1,Personal Key Indicators of Heart Disease (2022),lightgbm,LightGBM,3,State_Arkansas,0.0002467730166708253,127
dataset1,Personal Key Indicators of Heart Disease (2022),lightgbm,LightGBM,3,State_Guam,0.00022637318444229245,128
dataset1,Personal Key Indicators of Heart Disease (2022),lightgbm,LightGBM,3,State_New_Mexico,0.0002167633474633518,129
dataset1,Personal Key Indicators of Heart Disease (2022),lightgbm,LightGBM,3,State_Alabama,0.00017780724497993699,130
dataset1,Personal Key Indicators of Heart Disease (2022),lightgbm,LightGBM,3,State_Alaska,0.00011447109061747864,131
dataset1,Personal Key Indicators of Heart Disease (2022),lightgbm,LightGBM,4,ChestScan,0.3216116181906864,1
dataset1,Personal Key Indicators of Heart Disease (2022),lightgbm,LightGBM,4,HadAngina,0.2955512038105022,2
dataset1,Personal Key Indicators of Heart Disease (2022),lightgbm,LightGBM,4,Sex,0.2743415598485502,3
dataset1,Personal Key Indicators of Heart Disease (2022),lightgbm,LightGBM,4,RemovedTeeth_None_of_them,0.20441389976820626,4
dataset1,Personal Key Indicators of Heart Disease (2022),lightgbm,LightGBM,4,GeneralHealth_Very_good,0.1404148975028479,5
dataset1,Personal Key Indicators of Heart Disease (2022),lightgbm,LightGBM,4,AgeCategory_Age_18_to_24,0.12999889073925436,6
dataset1,Personal Key Indicators of Heart Disease (2022),lightgbm,LightGBM,4,GeneralHealth_Excellent,0.12717315400693177,7
dataset1,Personal Key Indicators of Heart Disease (2022),lightgbm,LightGBM,4,AgeCategory_Age_30_to_34,0.12216418950784663,8
dataset1,Personal Key Indicators of Heart Disease (2022),lightgbm,LightGBM,4,HadStroke,0.10700911057790792,9
dataset1,Personal Key Indicators of Heart Disease (2022),lightgbm,LightGBM,4,HadArthritis,0.10242785414402614,10
dataset1,Personal Key Indicators of Heart Disease (2022),lightgbm,LightGBM,4,AgeCategory_Age_40_to_44,0.09670106620436764,11
dataset1,Personal Key Indicators of Heart Disease (2022),lightgbm,LightGBM,4,SmokerStatus_Never_smoked,0.09469813376188478,12
dataset1,Personal Key Indicators of Heart Disease (2022),lightgbm,LightGBM,4,DifficultyWalking,0.09367423829136469,13
dataset1,Personal Key Indicators of Heart Disease (2022),lightgbm,LightGBM,4,AgeCategory_Age_25_to_29,0.09082101481877233,14
dataset1,Personal Key Indicators of Heart Disease (2022),lightgbm,LightGBM,4,HadDiabetes_Yes,0.08683968854423928,15
dataset1,Personal Key Indicators of Heart Disease (2022),lightgbm,LightGBM,4,AgeCategory_Age_80_or_older,0.08241198742356938,16
dataset1,Personal Key Indicators of Heart Disease (2022),lightgbm,LightGBM,4,AgeCategory_Age_35_to_39,0.07518721531962011,17
dataset1,Personal Key Indicators of Heart Disease (2022),lightgbm,LightGBM,4,LastCheckupTime_Within_past_year_anytime_less_than_12_months_ago_,0.06744947196405454,18
dataset1,Personal Key Indicators of Heart Disease (2022),lightgbm,LightGBM,4,AgeCategory_Age_70_to_74,0.06536595505360766,19
dataset1,Personal Key Indicators of Heart Disease (2022),lightgbm,LightGBM,4,MentalHealthDays,0.05909107878705214,20
dataset1,Personal Key Indicators of Heart Disease (2022),lightgbm,LightGBM,4,RemovedTeeth_1_to_5,0.05901734673426465,21
dataset1,Personal Key Indicators of Heart Disease (2022),lightgbm,LightGBM,4,GeneralHealth_Fair,0.05256054672943213,22
dataset1,Personal Key Indicators of Heart Disease (2022),lightgbm,LightGBM,4,AlcoholDrinkers,0.05040617330391128,23
dataset1,Personal Key Indicators of Heart Disease (2022),lightgbm,LightGBM,4,SleepHours,0.04895984508472466,24
dataset1,Personal Key Indicators of Heart Disease (2022),lightgbm,LightGBM,4,HadCOPD,0.04759220521704763,25
dataset1,Personal Key Indicators of Heart Disease (2022),lightgbm,LightGBM,4,TetanusLast10Tdap_No_did_not_receive_any_tetanus_shot_in_the_past_10_years,0.043694932482021255,26
dataset1,Personal Key Indicators of Heart Disease (2022),lightgbm,LightGBM,4,TetanusLast10Tdap_Yes_received_Tdap,0.04368773714871579,27
dataset1,Personal Key Indicators of Heart Disease (2022),lightgbm,LightGBM,4,BMI,0.04348816468257989,28
dataset1,Personal Key Indicators of Heart Disease (2022),lightgbm,LightGBM,4,AgeCategory_Age_75_to_79,0.03907708010450319,29
dataset1,Personal Key Indicators of Heart Disease (2022),lightgbm,LightGBM,4,AgeCategory_Age_45_to_49,0.039055798554569435,30
dataset1,Personal Key Indicators of Heart Disease (2022),lightgbm,LightGBM,4,PhysicalHealthDays,0.034019504586976015,31
dataset1,Personal Key Indicators of Heart Disease (2022),lightgbm,LightGBM,4,HadDiabetes_No,0.03315954472093711,32
dataset1,Personal Key Indicators of Heart Disease (2022),lightgbm,LightGBM,4,WeightInKilograms,0.033143849974859155,33
dataset1,Personal Key Indicators of Heart Disease (2022),lightgbm,LightGBM,4,AgeCategory_Age_50_to_54,0.03228155934747421,34
dataset1,Personal Key Indicators of Heart Disease (2022),lightgbm,LightGBM,4,HIVTesting,0.03199189499026677,35
dataset1,Personal Key Indicators of Heart Disease (2022),lightgbm,LightGBM,4,CovidPos_Tested_positive_using_home_test_without_a_health_professional,0.03030251971367235,36
dataset1,Personal Key Indicators of Heart Disease (2022),lightgbm,LightGBM,4,RemovedTeeth_All,0.029587347382398398,37
dataset1,Personal Key Indicators of Heart Disease (2022),lightgbm,LightGBM,4,GeneralHealth_Poor,0.02684397565631447,38
dataset1,Personal Key Indicators of Heart Disease (2022),lightgbm,LightGBM,4,RaceEthnicityCategory_Black_only_Non_Hispanic,0.02646799419587634,39
dataset1,Personal Key Indicators of Heart Disease (2022),lightgbm,LightGBM,4,HeightInMeters,0.025742012271739334,40
dataset1,Personal Key Indicators of Heart Disease (2022),lightgbm,LightGBM,4,DeafOrHardOfHearing,0.024366670193952337,41
dataset1,Personal Key Indicators of Heart Disease (2022),lightgbm,LightGBM,4,AgeCategory_Age_65_to_69,0.023861044736990893,42
dataset1,Personal Key Indicators of Heart Disease (2022),lightgbm,LightGBM,4,CovidPos_No,0.023801099259229894,43
dataset1,Personal Key Indicators of Heart Disease (2022),lightgbm,LightGBM,4,FluVaxLast12,0.02345092337265119,44
dataset1,Personal Key Indicators of Heart Disease (2022),lightgbm,LightGBM,4,SmokerStatus_Current_smoker_now_smokes_every_day,0.019596386106863248,45
dataset1,Personal Key Indicators of Heart Disease (2022),lightgbm,LightGBM,4,HadKidneyDisease,0.018999408251992544,46
dataset1,Personal Key Indicators of Heart Disease (2022),lightgbm,LightGBM,4,HadAsthma,0.018637635650003644,47
dataset1,Personal Key Indicators of Heart Disease (2022),lightgbm,LightGBM,4,PhysicalActivities,0.018297392336637908,48
dataset1,Personal Key Indicators of Heart Disease (2022),lightgbm,LightGBM,4,BlindOrVisionDifficulty,0.015829483736060326,49
dataset1,Personal Key Indicators of Heart Disease (2022),lightgbm,LightGBM,4,HadDepressiveDisorder,0.01487209075226339,50
dataset1,Personal Key Indicators of Heart Disease (2022),lightgbm,LightGBM,4,State_New_Jersey,0.013410464788370415,51
dataset1,Personal Key Indicators of Heart Disease (2022),lightgbm,LightGBM,4,LastCheckupTime_5_or_more_years_ago,0.01241581906795078,52
dataset1,Personal Key Indicators of Heart Disease (2022),lightgbm,LightGBM,4,PneumoVaxEver,0.012181359065106678,53
dataset1,Personal Key Indicators of Heart Disease (2022),lightgbm,LightGBM,4,GeneralHealth_Good,0.011741663534084387,54
dataset1,Personal Key Indicators of Heart Disease (2022),lightgbm,LightGBM,4,DifficultyErrands,0.011236550226241237,55
dataset1,Personal Key Indicators of Heart Disease (2022),lightgbm,LightGBM,4,DifficultyConcentrating,0.010770553576068893,56
dataset1,Personal Key Indicators of Heart Disease (2022),lightgbm,LightGBM,4,State_Washington,0.010218768852577378,57
dataset1,Personal Key Indicators of Heart Disease (2022),lightgbm,LightGBM,4,AgeCategory_Age_55_to_59,0.009453664105200578,58
dataset1,Personal Key Indicators of Heart Disease (2022),lightgbm,LightGBM,4,ECigaretteUsage_Not_at_all_right_now_,0.006972365184445722,59
dataset1,Personal Key Indicators of Heart Disease (2022),lightgbm,LightGBM,4,AgeCategory_Age_60_to_64,0.006915416268881587,60
dataset1,Personal Key Indicators of Heart Disease (2022),lightgbm,LightGBM,4,State_Oklahoma,0.006590887591705401,61
dataset1,Personal Key Indicators of Heart Disease (2022),lightgbm,LightGBM,4,State_Colorado,0.005932563195271784,62
dataset1,Personal Key Indicators of Heart Disease (2022),lightgbm,LightGBM,4,RaceEthnicityCategory_White_only_Non_Hispanic,0.005138976814098695,63
dataset1,Personal Key Indicators of Heart Disease (2022),lightgbm,LightGBM,4,RemovedTeeth_6_or_more_but_not_all,0.004882696197750379,64
dataset1,Personal Key Indicators of Heart Disease (2022),lightgbm,LightGBM,4,State_Maryland,0.004589530048067166,65
dataset1,Personal Key Indicators of Heart Disease (2022),lightgbm,LightGBM,4,State_South_Carolina,0.004547347314104586,66
dataset1,Personal Key Indicators of Heart Disease (2022),lightgbm,LightGBM,4,RaceEthnicityCategory_Multiracial_Non_Hispanic,0.004476467101796688,67
dataset1,Personal Key Indicators of Heart Disease (2022),lightgbm,LightGBM,4,RaceEthnicityCategory_Hispanic,0.004241504905364254,68
dataset1,Personal Key Indicators of Heart Disease (2022),lightgbm,LightGBM,4,SmokerStatus_Former_smoker,0.004182198272228686,69
dataset1,Personal Key Indicators of Heart Disease (2022),lightgbm,LightGBM,4,TetanusLast10Tdap_Yes_received_tetanus_shot_but_not_sure_what_type,0.004171806559840764,70
dataset1,Personal Key Indicators of Heart Disease (2022),lightgbm,LightGBM,4,LastCheckupTime_Within_past_5_years_2_years_but_less_than_5_years_ago_,0.0037246393425537693,71
dataset1,Personal Key Indicators of Heart Disease (2022),lightgbm,LightGBM,4,State_Arizona,0.0036836528863494465,72
dataset1,Personal Key Indicators of Heart Disease (2022),lightgbm,LightGBM,4,State_New_York,0.003653029882841496,73
dataset1,Personal Key Indicators of Heart Disease (2022),lightgbm,LightGBM,4,State_Minnesota,0.0035757598991506523,74
dataset1,Personal Key Indicators of Heart Disease (2022),lightgbm,LightGBM,4,State_Texas,0.0035620829665167337,75
dataset1,Personal Key Indicators of Heart Disease (2022),lightgbm,LightGBM,4,State_Puerto_Rico,0.0034021831945402307,76
dataset1,Personal Key Indicators of Heart Disease (2022),lightgbm,LightGBM,4,State_South_Dakota,0.003332731371307315,77
dataset1,Personal Key Indicators of Heart Disease (2022),lightgbm,LightGBM,4,State_Delaware,0.003302744926191699,78
dataset1,Personal Key Indicators of Heart Disease (2022),lightgbm,LightGBM,4,State_Massachusetts,0.0033020195076970205,79
dataset1,Personal Key Indicators of Heart Disease (2022),lightgbm,LightGBM,4,ECigaretteUsage_Never_used_e_cigarettes_in_my_entire_life,0.00320657698171609,80
dataset1,Personal Key Indicators of Heart Disease (2022),lightgbm,LightGBM,4,State_Illinois,0.0030889973128212377,81
dataset1,Personal Key Indicators of Heart Disease (2022),lightgbm,LightGBM,4,TetanusLast10Tdap_Yes_received_tetanus_shot_but_not_Tdap,0.002651395384479025,82
dataset1,Personal Key Indicators of Heart Disease (2022),lightgbm,LightGBM,4,State_Tennessee,0.0026323685892196092,83
dataset1,Personal Key Indicators of Heart Disease (2022),lightgbm,LightGBM,4,RaceEthnicityCategory_Other_race_only_Non_Hispanic,0.0024958071286293754,84
dataset1,Personal Key Indicators of Heart Disease (2022),lightgbm,LightGBM,4,DifficultyDressingBathing,0.0024171592324575084,85
dataset1,Personal Key Indicators of Heart Disease (2022),lightgbm,LightGBM,4,State_Maine,0.002415440183869648,86
dataset1,Personal Key Indicators of Heart Disease (2022),lightgbm,LightGBM,4,LastCheckupTime_Within_past_2_years_1_year_but_less_than_2_years_ago_,0.0022472975335948624,87
dataset1,Personal Key Indicators of Heart Disease (2022),lightgbm,LightGBM,4,State_Alabama,0.002125137013471561,88
dataset1,Personal Key Indicators of Heart Disease (2022),lightgbm,LightGBM,4,State_Connecticut,0.002048547781573206,89
dataset1,Personal Key Indicators of Heart Disease (2022),lightgbm,LightGBM,4,State_New_Hampshire,0.0019924963589678644,90
dataset1,Personal Key Indicators of Heart Disease (2022),lightgbm,LightGBM,4,SmokerStatus_Current_smoker_now_smokes_some_days,0.0019450916402099785,91
dataset1,Personal Key Indicators of Heart Disease (2022),lightgbm,LightGBM,4,State_Nevada,0.0019266689894986363,92
dataset1,Personal Key Indicators of Heart Disease (2022),lightgbm,LightGBM,4,State_California,0.0018005451733688763,93
dataset1,Personal Key Indicators of Heart Disease (2022),lightgbm,LightGBM,4,State_Hawaii,0.0017674561538229719,94
dataset1,Personal Key Indicators of Heart Disease (2022),lightgbm,LightGBM,4,State_Arkansas,0.001733114076232652,95
dataset1,Personal Key Indicators of Heart Disease (2022),lightgbm,LightGBM,4,HadSkinCancer,0.0017259651197710187,96
dataset1,Personal Key Indicators of Heart Disease (2022),lightgbm,LightGBM,4,ECigaretteUsage_Use_them_every_day,0.0015947935645157375,97
dataset1,Personal Key Indicators of Heart Disease (2022),lightgbm,LightGBM,4,State_Mississippi,0.0015179696165355926,98
dataset1,Personal Key Indicators of Heart Disease (2022),lightgbm,LightGBM,4,HighRiskLastYear,0.0014604475283091923,99
dataset1,Personal Key Indicators of Heart Disease (2022),lightgbm,LightGBM,4,State_Vermont,0.0013551044192681167,100
dataset1,Personal Key Indicators of Heart Disease (2022),lightgbm,LightGBM,4,State_Indiana,0.0011213052634488345,101
dataset1,Personal Key Indicators of Heart Disease (2022),lightgbm,LightGBM,4,State_Virginia,0.0010694651459433465,102
dataset1,Personal Key Indicators of Heart Disease (2022),lightgbm,LightGBM,4,ECigaretteUsage_Use_them_some_days,0.0010101842083067615,103
dataset1,Personal Key Indicators of Heart Disease (2022),lightgbm,LightGBM,4,State_Oregon,0.000903172292579575,104
dataset1,Personal Key Indicators of Heart Disease (2022),lightgbm,LightGBM,4,State_Pennsylvania,0.0008883180842691803,105
dataset1,Personal Key Indicators of Heart Disease (2022),lightgbm,LightGBM,4,State_Georgia,0.000865859942114654,106
dataset1,Personal Key Indicators of Heart Disease (2022),lightgbm,LightGBM,4,State_Rhode_Island,0.0008301648517900933,107
dataset1,Personal Key Indicators of Heart Disease (2022),lightgbm,LightGBM,4,HadDiabetes_Yes_but_only_during_pregnancy_female_,0.0007738663819341494,108
dataset1,Personal Key Indicators of Heart Disease (2022),lightgbm,LightGBM,4,State_Utah,0.0007572049393969223,109
dataset1,Personal Key Indicators of Heart Disease (2022),lightgbm,LightGBM,4,HadDiabetes_No_pre_diabetes_or_borderline_diabetes,0.0007273010912903548,110
dataset1,Personal Key Indicators of Heart Disease (2022),lightgbm,LightGBM,4,State_Kansas,0.0007265404246467554,111
dataset1,Personal Key Indicators of Heart Disease (2022),lightgbm,LightGBM,4,State_Iowa,0.0007156972257178246,112
dataset1,Personal Key Indicators of Heart Disease (2022),lightgbm,LightGBM,4,State_Alaska,0.0006487470904019227,113
dataset1,Personal Key Indicators of Heart Disease (2022),lightgbm,LightGBM,4,State_Michigan,0.0006324673587289867,114
dataset1,Personal Key Indicators of Heart Disease (2022),lightgbm,LightGBM,4,State_Guam,0.000630421331486203,115
dataset1,Personal Key Indicators of Heart Disease (2022),lightgbm,LightGBM,4,State_Louisiana,0.0005809230418726769,116
dataset1,Personal Key Indicators of Heart Disease (2022),lightgbm,LightGBM,4,State_Florida,0.0005779991224646602,117
dataset1,Personal Key Indicators of Heart Disease (2022),lightgbm,LightGBM,4,State_District_of_Columbia,0.0004871282159817958,118
dataset1,Personal Key Indicators of Heart Disease (2022),lightgbm,LightGBM,4,State_Wisconsin,0.00047743089480937464,119
dataset1,Personal Key Indicators of Heart Disease (2022),lightgbm,LightGBM,4,State_New_Mexico,0.0004609474731798727,120
dataset1,Personal Key Indicators of Heart Disease (2022),lightgbm,LightGBM,4,State_West_Virginia,0.0004570743724734347,121
dataset1,Personal Key Indicators of Heart Disease (2022),lightgbm,LightGBM,4,State_Ohio,0.0004462854411656631,122
dataset1,Personal Key Indicators of Heart Disease (2022),lightgbm,LightGBM,4,State_North_Dakota,0.00040742220461830803,123
dataset1,Personal Key Indicators of Heart Disease (2022),lightgbm,LightGBM,4,State_North_Carolina,0.00039937321851738947,124
dataset1,Personal Key Indicators of Heart Disease (2022),lightgbm,LightGBM,4,State_Nebraska,0.0003986374105755839,125
dataset1,Personal Key Indicators of Heart Disease (2022),lightgbm,LightGBM,4,State_Idaho,0.000371237032820009,126
dataset1,Personal Key Indicators of Heart Disease (2022),lightgbm,LightGBM,4,State_Kentucky,0.0003219048088108329,127
dataset1,Personal Key Indicators of Heart Disease (2022),lightgbm,LightGBM,4,State_Missouri,0.0002727466190042526,128
dataset1,Personal Key Indicators of Heart Disease (2022),lightgbm,LightGBM,4,State_Wyoming,0.00025696663946692003,129
dataset1,Personal Key Indicators of Heart Disease (2022),lightgbm,LightGBM,4,State_Montana,0.00025614221297343294,130
dataset1,Personal Key Indicators of Heart Disease (2022),lightgbm,LightGBM,4,State_Virgin_Islands,0.00011193905464452335,131
dataset1,Personal Key Indicators of Heart Disease (2022),lightgbm,LightGBM,5,HadAngina,0.35287783167003944,1
dataset1,Personal Key Indicators of Heart Disease (2022),lightgbm,LightGBM,5,ChestScan,0.33019136409516664,2
dataset1,Personal Key Indicators of Heart Disease (2022),lightgbm,LightGBM,5,Sex,0.2861427636962944,3
dataset1,Personal Key Indicators of Heart Disease (2022),lightgbm,LightGBM,5,RemovedTeeth_None_of_them,0.1805631654161534,4
dataset1,Personal Key Indicators of Heart Disease (2022),lightgbm,LightGBM,5,AgeCategory_Age_18_to_24,0.15235786414967384,5
dataset1,Personal Key Indicators of Heart Disease (2022),lightgbm,LightGBM,5,GeneralHealth_Excellent,0.1329365587768278,6
dataset1,Personal Key Indicators of Heart Disease (2022),lightgbm,LightGBM,5,GeneralHealth_Very_good,0.12475406376616034,7
dataset1,Personal Key Indicators of Heart Disease (2022),lightgbm,LightGBM,5,AgeCategory_Age_25_to_29,0.12073237014316356,8
dataset1,Personal Key Indicators of Heart Disease (2022),lightgbm,LightGBM,5,AgeCategory_Age_30_to_34,0.10830712481990759,9
dataset1,Personal Key Indicators of Heart Disease (2022),lightgbm,LightGBM,5,AgeCategory_Age_40_to_44,0.10048580040045998,10
dataset1,Personal Key Indicators of Heart Disease (2022),lightgbm,LightGBM,5,HadStroke,0.09993495428607814,11
dataset1,Personal Key Indicators of Heart Disease (2022),lightgbm,LightGBM,5,SmokerStatus_Never_smoked,0.09756643045273289,12
dataset1,Personal Key Indicators of Heart Disease (2022),lightgbm,LightGBM,5,HadDiabetes_Yes,0.09563461760806172,13
dataset1,Personal Key Indicators of Heart Disease (2022),lightgbm,LightGBM,5,AgeCategory_Age_80_or_older,0.08976054014167006,14
dataset1,Personal Key Indicators of Heart Disease (2022),lightgbm,LightGBM,5,DifficultyWalking,0.08452604008861876,15
dataset1,Personal Key Indicators of Heart Disease (2022),lightgbm,LightGBM,5,HadArthritis,0.08154645320608306,16
dataset1,Personal Key Indicators of Heart Disease (2022),lightgbm,LightGBM,5,AgeCategory_Age_35_to_39,0.08021789002184603,17
dataset1,Personal Key Indicators of Heart Disease (2022),lightgbm,LightGBM,5,AgeCategory_Age_70_to_74,0.06567320958796076,18
dataset1,Personal Key Indicators of Heart Disease (2022),lightgbm,LightGBM,5,LastCheckupTime_Within_past_year_anytime_less_than_12_months_ago_,0.06035583980274559,19
dataset1,Personal Key Indicators of Heart Disease (2022),lightgbm,LightGBM,5,RemovedTeeth_1_to_5,0.059959212924087325,20
dataset1,Personal Key Indicators of Heart Disease (2022),lightgbm,LightGBM,5,AlcoholDrinkers,0.05795819973630376,21
dataset1,Personal Key Indicators of Heart Disease (2022),lightgbm,LightGBM,5,AgeCategory_Age_75_to_79,0.05744439031266663,22
dataset1,Personal Key Indicators of Heart Disease (2022),lightgbm,LightGBM,5,PhysicalHealthDays,0.05562279061544933,23
dataset1,Personal Key Indicators of Heart Disease (2022),lightgbm,LightGBM,5,AgeCategory_Age_45_to_49,0.05461632051350767,24
dataset1,Personal Key Indicators of Heart Disease (2022),lightgbm,LightGBM,5,SleepHours,0.05234130946423561,25
dataset1,Personal Key Indicators of Heart Disease (2022),lightgbm,LightGBM,5,MentalHealthDays,0.05123574544671679,26
dataset1,Personal Key Indicators of Heart Disease (2022),lightgbm,LightGBM,5,HadCOPD,0.042453761109782724,27
dataset1,Personal Key Indicators of Heart Disease (2022),lightgbm,LightGBM,5,WeightInKilograms,0.041847906747326774,28
dataset1,Personal Key Indicators of Heart Disease (2022),lightgbm,LightGBM,5,TetanusLast10Tdap_No_did_not_receive_any_tetanus_shot_in_the_past_10_years,0.041089099763143073,29
dataset1,Personal Key Indicators of Heart Disease (2022),lightgbm,LightGBM,5,GeneralHealth_Fair,0.0373918332996741,30
dataset1,Personal Key Indicators of Heart Disease (2022),lightgbm,LightGBM,5,TetanusLast10Tdap_Yes_received_Tdap,0.03736520127630824,31
dataset1,Personal Key Indicators of Heart Disease (2022),lightgbm,LightGBM,5,HIVTesting,0.037229082595385356,32
dataset1,Personal Key Indicators of Heart Disease (2022),lightgbm,LightGBM,5,HadDiabetes_No,0.03595194641960641,33
dataset1,Personal Key Indicators of Heart Disease (2022),lightgbm,LightGBM,5,BMI,0.03266535873283831,34
dataset1,Personal Key Indicators of Heart Disease (2022),lightgbm,LightGBM,5,HeightInMeters,0.03205816615561597,35
dataset1,Personal Key Indicators of Heart Disease (2022),lightgbm,LightGBM,5,RaceEthnicityCategory_Black_only_Non_Hispanic,0.02948409103718335,36
dataset1,Personal Key Indicators of Heart Disease (2022),lightgbm,LightGBM,5,AgeCategory_Age_50_to_54,0.024899952465727584,37
dataset1,Personal Key Indicators of Heart Disease (2022),lightgbm,LightGBM,5,DeafOrHardOfHearing,0.024197176926217544,38
dataset1,Personal Key Indicators of Heart Disease (2022),lightgbm,LightGBM,5,HadKidneyDisease,0.02356328476345271,39
dataset1,Personal Key Indicators of Heart Disease (2022),lightgbm,LightGBM,5,RemovedTeeth_All,0.023538424651306254,40
dataset1,Personal Key Indicators of Heart Disease (2022),lightgbm,LightGBM,5,CovidPos_Tested_positive_using_home_test_without_a_health_professional,0.019051287294056883,41
dataset1,Personal Key Indicators of Heart Disease (2022),lightgbm,LightGBM,5,GeneralHealth_Poor,0.01873472728425146,42
dataset1,Personal Key Indicators of Heart Disease (2022),lightgbm,LightGBM,5,AgeCategory_Age_65_to_69,0.018300418632112028,43
dataset1,Personal Key Indicators of Heart Disease (2022),lightgbm,LightGBM,5,BlindOrVisionDifficulty,0.016504143399003548,44
dataset1,Personal Key Indicators of Heart Disease (2022),lightgbm,LightGBM,5,PneumoVaxEver,0.01613309458552863,45
dataset1,Personal Key Indicators of Heart Disease (2022),lightgbm,LightGBM,5,PhysicalActivities,0.015190054438580996,46
dataset1,Personal Key Indicators of Heart Disease (2022),lightgbm,LightGBM,5,FluVaxLast12,0.014755614684143098,47
dataset1,Personal Key Indicators of Heart Disease (2022),lightgbm,LightGBM,5,CovidPos_No,0.014096147005104823,48
dataset1,Personal Key Indicators of Heart Disease (2022),lightgbm,LightGBM,5,SmokerStatus_Current_smoker_now_smokes_every_day,0.012095524848789944,49
dataset1,Personal Key Indicators of Heart Disease (2022),lightgbm,LightGBM,5,HadAsthma,0.010511010845445314,50
dataset1,Personal Key Indicators of Heart Disease (2022),lightgbm,LightGBM,5,DifficultyConcentrating,0.010386081049296426,51
dataset1,Personal Key Indicators of Heart Disease (2022),lightgbm,LightGBM,5,GeneralHealth_Good,0.010072479358921152,52
dataset1,Personal Key Indicators of Heart Disease (2022),lightgbm,LightGBM,5,AgeCategory_Age_55_to_59,0.009878745123622213,53
dataset1,Personal Key Indicators of Heart Disease (2022),lightgbm,LightGBM,5,LastCheckupTime_Within_past_5_years_2_years_but_less_than_5_years_ago_,0.009356248265464454,54
dataset1,Personal Key Indicators of Heart Disease (2022),lightgbm,LightGBM,5,State_Maryland,0.009305802438797712,55
dataset1,Personal Key Indicators of Heart Disease (2022),lightgbm,LightGBM,5,RaceEthnicityCategory_White_only_Non_Hispanic,0.008963970843395968,56
dataset1,Personal Key Indicators of Heart Disease (2022),lightgbm,LightGBM,5,HadDepressiveDisorder,0.00869131050098716,57
dataset1,Personal Key Indicators of Heart Disease (2022),lightgbm,LightGBM,5,RemovedTeeth_6_or_more_but_not_all,0.007307495712482716,58
dataset1,Personal Key Indicators of Heart Disease (2022),lightgbm,LightGBM,5,State_Puerto_Rico,0.007036433971930908,59
dataset1,Personal Key Indicators of Heart Disease (2022),lightgbm,LightGBM,5,State_Georgia,0.006280608347416241,60
dataset1,Personal Key Indicators of Heart Disease (2022),lightgbm,LightGBM,5,AgeCategory_Age_60_to_64,0.006240742902139301,61
dataset1,Personal Key Indicators of Heart Disease (2022),lightgbm,LightGBM,5,State_Oklahoma,0.005927891523957777,62
dataset1,Personal Key Indicators of Heart Disease (2022),lightgbm,LightGBM,5,State_Mississippi,0.005904184157017271,63
dataset1,Personal Key Indicators of Heart Disease (2022),lightgbm,LightGBM,5,State_Washington,0.0045606513289891785,64
dataset1,Personal Key Indicators of Heart Disease (2022),lightgbm,LightGBM,5,State_New_Jersey,0.004538248679742116,65
dataset1,Personal Key Indicators of Heart Disease (2022),lightgbm,LightGBM,5,State_Illinois,0.0043187237410744666,66
dataset1,Personal Key Indicators of Heart Disease (2022),lightgbm,LightGBM,5,LastCheckupTime_5_or_more_years_ago,0.0042916303849923005,67
dataset1,Personal Key Indicators of Heart Disease (2022),lightgbm,LightGBM,5,State_New_York,0.004095671908082126,68
dataset1,Personal Key Indicators of Heart Disease (2022),lightgbm,LightGBM,5,RaceEthnicityCategory_Hispanic,0.003968804759774952,69
dataset1,Personal Key Indicators of Heart Disease (2022),lightgbm,LightGBM,5,DifficultyErrands,0.0039172437601077996,70
dataset1,Personal Key Indicators of Heart Disease (2022),lightgbm,LightGBM,5,State_South_Carolina,0.003308391053495115,71
dataset1,Personal Key Indicators of Heart Disease (2022),lightgbm,LightGBM,5,State_South_Dakota,0.0031502348459291674,72
dataset1,Personal Key Indicators of Heart Disease (2022),lightgbm,LightGBM,5,DifficultyDressingBathing,0.003117493135913355,73
dataset1,Personal Key Indicators of Heart Disease (2022),lightgbm,LightGBM,5,SmokerStatus_Former_smoker,0.0031038501605093944,74
dataset1,Personal Key Indicators of Heart Disease (2022),lightgbm,LightGBM,5,State_Missouri,0.0030513523060727975,75
dataset1,Personal Key Indicators of Heart Disease (2022),lightgbm,LightGBM,5,State_Kansas,0.0029597241681119115,76
dataset1,Personal Key Indicators of Heart Disease (2022),lightgbm,LightGBM,5,RaceEthnicityCategory_Multiracial_Non_Hispanic,0.002898307667148545,77
dataset1,Personal Key Indicators of Heart Disease (2022),lightgbm,LightGBM,5,HadSkinCancer,0.002811900110488733,78
dataset1,Personal Key Indicators of Heart Disease (2022),lightgbm,LightGBM,5,State_Vermont,0.002748635568672476,79
dataset1,Personal Key Indicators of Heart Disease (2022),lightgbm,LightGBM,5,ECigaretteUsage_Not_at_all_right_now_,0.0027418585741195655,80
dataset1,Personal Key Indicators of Heart Disease (2022),lightgbm,LightGBM,5,HadDiabetes_No_pre_diabetes_or_borderline_diabetes,0.0027033522215292607,81
dataset1,Personal Key Indicators of Heart Disease (2022),lightgbm,LightGBM,5,State_Virginia,0.002690487183044862,82
dataset1,Personal Key Indicators of Heart Disease (2022),lightgbm,LightGBM,5,TetanusLast10Tdap_Yes_received_tetanus_shot_but_not_sure_what_type,0.0026345181371548393,83
dataset1,Personal Key Indicators of Heart Disease (2022),lightgbm,LightGBM,5,State_Delaware,0.002627988674946585,84
dataset1,Personal Key Indicators of Heart Disease (2022),lightgbm,LightGBM,5,RaceEthnicityCategory_Other_race_only_Non_Hispanic,0.002575126949265028,85
dataset1,Personal Key Indicators of Heart Disease (2022),lightgbm,LightGBM,5,State_Colorado,0.0023155686789381557,86
dataset1,Personal Key Indicators of Heart Disease (2022),lightgbm,LightGBM,5,State_Massachusetts,0.002271083868634499,87
dataset1,Personal Key Indicators of Heart Disease (2022),lightgbm,LightGBM,5,ECigaretteUsage_Use_them_every_day,0.002100884298346969,88
dataset1,Personal Key Indicators of Heart Disease (2022),lightgbm,LightGBM,5,State_California,0.0020526926743375897,89
dataset1,Personal Key Indicators of Heart Disease (2022),lightgbm,LightGBM,5,ECigaretteUsage_Never_used_e_cigarettes_in_my_entire_life,0.001967777636271618,90
dataset1,Personal Key Indicators of Heart Disease (2022),lightgbm,LightGBM,5,State_Maine,0.001899837783420872,91
dataset1,Personal Key Indicators of Heart Disease (2022),lightgbm,LightGBM,5,State_North_Carolina,0.0018962700716308866,92
dataset1,Personal Key Indicators of Heart Disease (2022),lightgbm,LightGBM,5,State_Texas,0.0017117193588097985,93
dataset1,Personal Key Indicators of Heart Disease (2022),lightgbm,LightGBM,5,HighRiskLastYear,0.0016583155735817885,94
dataset1,Personal Key Indicators of Heart Disease (2022),lightgbm,LightGBM,5,State_Hawaii,0.0015855408650506833,95
dataset1,Personal Key Indicators of Heart Disease (2022),lightgbm,LightGBM,5,State_Indiana,0.0015846521710910285,96
dataset1,Personal Key Indicators of Heart Disease (2022),lightgbm,LightGBM,5,State_Oregon,0.0015438451562056754,97
dataset1,Personal Key Indicators of Heart Disease (2022),lightgbm,LightGBM,5,State_Ohio,0.0014401330390699828,98
dataset1,Personal Key Indicators of Heart Disease (2022),lightgbm,LightGBM,5,TetanusLast10Tdap_Yes_received_tetanus_shot_but_not_Tdap,0.0014174811031725726,99
dataset1,Personal Key Indicators of Heart Disease (2022),lightgbm,LightGBM,5,LastCheckupTime_Within_past_2_years_1_year_but_less_than_2_years_ago_,0.0014159828110353898,100
dataset1,Personal Key Indicators of Heart Disease (2022),lightgbm,LightGBM,5,ECigaretteUsage_Use_them_some_days,0.0013100626682246946,101
dataset1,Personal Key Indicators of Heart Disease (2022),lightgbm,LightGBM,5,State_Guam,0.0012837740327600433,102
dataset1,Personal Key Indicators of Heart Disease (2022),lightgbm,LightGBM,5,State_Florida,0.001262110879242189,103
dataset1,Personal Key Indicators of Heart Disease (2022),lightgbm,LightGBM,5,HadDiabetes_Yes_but_only_during_pregnancy_female_,0.0012376888757337384,104
dataset1,Personal Key Indicators of Heart Disease (2022),lightgbm,LightGBM,5,State_Utah,0.001197875719438965,105
dataset1,Personal Key Indicators of Heart Disease (2022),lightgbm,LightGBM,5,SmokerStatus_Current_smoker_now_smokes_some_days,0.001190443337830735,106
dataset1,Personal Key Indicators of Heart Disease (2022),lightgbm,LightGBM,5,State_Minnesota,0.0011495978710843965,107
dataset1,Personal Key Indicators of Heart Disease (2022),lightgbm,LightGBM,5,State_Wisconsin,0.001052459384814184,108
dataset1,Personal Key Indicators of Heart Disease (2022),lightgbm,LightGBM,5,State_Tennessee,0.0009560012258785834,109
dataset1,Personal Key Indicators of Heart Disease (2022),lightgbm,LightGBM,5,State_Arizona,0.0008673723737716088,110
dataset1,Personal Key Indicators of Heart Disease (2022),lightgbm,LightGBM,5,State_Kentucky,0.0007833484115686688,111
dataset1,Personal Key Indicators of Heart Disease (2022),lightgbm,LightGBM,5,State_Michigan,0.00073348651768563,112
dataset1,Personal Key Indicators of Heart Disease (2022),lightgbm,LightGBM,5,State_District_of_Columbia,0.0007263325811872824,113
dataset1,Personal Key Indicators of Heart Disease (2022),lightgbm,LightGBM,5,State_Iowa,0.0007207955476052769,114
dataset1,Personal Key Indicators of Heart Disease (2022),lightgbm,LightGBM,5,State_New_Mexico,0.0006489399046436519,115
dataset1,Personal Key Indicators of Heart Disease (2022),lightgbm,LightGBM,5,State_Rhode_Island,0.0006424483899821799,116
dataset1,Personal Key Indicators of Heart Disease (2022),lightgbm,LightGBM,5,State_New_Hampshire,0.0006418861247572841,117
dataset1,Personal Key Indicators of Heart Disease (2022),lightgbm,LightGBM,5,State_Connecticut,0.0006372632757022329,118
dataset1,Personal Key Indicators of Heart Disease (2022),lightgbm,LightGBM,5,State_Idaho,0.0006155698211700164,119
dataset1,Personal Key Indicators of Heart Disease (2022),lightgbm,LightGBM,5,State_Alabama,0.0005851798776414711,120
dataset1,Personal Key Indicators of Heart Disease (2022),lightgbm,LightGBM,5,State_West_Virginia,0.0005722414266332862,121
dataset1,Personal Key Indicators of Heart Disease (2022),lightgbm,LightGBM,5,State_Virgin_Islands,0.0005715414264867115,122
dataset1,Personal Key Indicators of Heart Disease (2022),lightgbm,LightGBM,5,State_Louisiana,0.000509759787580295,123
dataset1,Personal Key Indicators of Heart Disease (2022),lightgbm,LightGBM,5,State_Alaska,0.0004791669379204587,124
dataset1,Personal Key Indicators of Heart Disease (2022),lightgbm,LightGBM,5,State_North_Dakota,0.00039462796099960285,125
dataset1,Personal Key Indicators of Heart Disease (2022),lightgbm,LightGBM,5,State_Nebraska,0.00039246741633148146,126
dataset1,Personal Key Indicators of Heart Disease (2022),lightgbm,LightGBM,5,State_Montana,0.0003398733123251596,127
dataset1,Personal Key Indicators of Heart Disease (2022),lightgbm,LightGBM,5,State_Pennsylvania,0.00032285312819020846,128
dataset1,Personal Key Indicators of Heart Disease (2022),lightgbm,LightGBM,5,State_Wyoming,0.00031095328183776785,129
dataset1,Personal Key Indicators of Heart Disease (2022),lightgbm,LightGBM,5,State_Nevada,0.00030955135710238513,130
dataset1,Personal Key Indicators of Heart Disease (2022),lightgbm,LightGBM,5,State_Arkansas,0.00011562884162137207,131
dataset2,Heart Failure Prediction,adaboost,AdaBoost,1,ST_Slope_Up,0.1083644360155858,1
dataset2,Heart Failure Prediction,adaboost,AdaBoost,1,ChestPainType_ASY,0.07861329965349578,2
dataset2,Heart Failure Prediction,adaboost,AdaBoost,1,Sex,0.029805668612939006,3
dataset2,Heart Failure Prediction,adaboost,AdaBoost,1,ExerciseAngina,0.026216357980234875,4
dataset2,Heart Failure Prediction,adaboost,AdaBoost,1,FastingBS,0.026206811481107792,5
dataset2,Heart Failure Prediction,adaboost,AdaBoost,1,MaxHR,0.02180531113013113,6
dataset2,Heart Failure Prediction,adaboost,AdaBoost,1,Cholesterol,0.01524170505376707,7
dataset2,Heart Failure Prediction,adaboost,AdaBoost,1,ST_Slope_Flat,0.013087091564662357,8
dataset2,Heart Failure Prediction,adaboost,AdaBoost,1,Oldpeak,0.011901022524201013,9
dataset2,Heart Failure Prediction,adaboost,AdaBoost,1,ChestPainType_ATA,0.0042960474653471505,10
dataset2,Heart Failure Prediction,adaboost,AdaBoost,1,Age,0.0,11
dataset2,Heart Failure Prediction,adaboost,AdaBoost,1,RestingBP,0.0,12
dataset2,Heart Failure Prediction,adaboost,AdaBoost,1,ChestPainType_NAP,0.0,13
dataset2,Heart Failure Prediction,adaboost,AdaBoost,1,ChestPainType_TA,0.0,14
dataset2,Heart Failure Prediction,adaboost,AdaBoost,1,RestingECG_LVH,0.0,15
dataset2,Heart Failure Prediction,adaboost,AdaBoost,1,RestingECG_Normal,0.0,16
dataset2,Heart Failure Prediction,adaboost,AdaBoost,1,RestingECG_ST,0.0,17
dataset2,Heart Failure Prediction,adaboost,AdaBoost,1,ST_Slope_Down,0.0,18
dataset2,Heart Failure Prediction,adaboost,AdaBoost,2,ST_Slope_Up,0.09631212527638688,1
dataset2,Heart Failure Prediction,adaboost,AdaBoost,2,ChestPainType_ASY,0.07744678239133579,2
dataset2,Heart Failure Prediction,adaboost,AdaBoost,2,Sex,0.03183186647501831,3
dataset2,Heart Failure Prediction,adaboost,AdaBoost,2,ExerciseAngina,0.024112408837702888,4
dataset2,Heart Failure Prediction,adaboost,AdaBoost,2,Cholesterol,0.01830487676115253,5
dataset2,Heart Failure Prediction,adaboost,AdaBoost,2,Age,0.01430250553838071,6
dataset2,Heart Failure Prediction,adaboost,AdaBoost,2,MaxHR,0.013792826103749552,7
dataset2,Heart Failure Prediction,adaboost,AdaBoost,2,FastingBS,0.011563174076724199,8
dataset2,Heart Failure Prediction,adaboost,AdaBoost,2,ST_Slope_Flat,0.010016772477843914,9
dataset2,Heart Failure Prediction,adaboost,AdaBoost,2,Oldpeak,0.009072353305988188,10
dataset2,Heart Failure Prediction,adaboost,AdaBoost,2,RestingECG_LVH,0.004189609372002972,11
dataset2,Heart Failure Prediction,adaboost,AdaBoost,2,RestingBP,0.0033466367394369375,12
dataset2,Heart Failure Prediction,adaboost,AdaBoost,2,ChestPainType_ATA,0.002842218384020379,13
dataset2,Heart Failure Prediction,adaboost,AdaBoost,2,ChestPainType_NAP,0.0,14
dataset2,Heart Failure Prediction,adaboost,AdaBoost,2,ChestPainType_TA,0.0,15
dataset2,Heart Failure Prediction,adaboost,AdaBoost,2,RestingECG_Normal,0.0,16
dataset2,Heart Failure Prediction,adaboost,AdaBoost,2,RestingECG_ST,0.0,17
dataset2,Heart Failure Prediction,adaboost,AdaBoost,2,ST_Slope_Down,0.0,18
dataset2,Heart Failure Prediction,adaboost,AdaBoost,3,ST_Slope_Up,0.1149479594957484,1
dataset2,Heart Failure Prediction,adaboost,AdaBoost,3,ChestPainType_ASY,0.0760599293497794,2
dataset2,Heart Failure Prediction,adaboost,AdaBoost,3,Sex,0.03337414476272553,3
dataset2,Heart Failure Prediction,adaboost,AdaBoost,3,FastingBS,0.02750511996997691,4
dataset2,Heart Failure Prediction,adaboost,AdaBoost,3,ExerciseAngina,0.02483281377348044,5
dataset2,Heart Failure Prediction,adaboost,AdaBoost,3,MaxHR,0.017426185268367044,6
dataset2,Heart Failure Prediction,adaboost,AdaBoost,3,Cholesterol,0.014878916457372519,7
dataset2,Heart Failure Prediction,adaboost,AdaBoost,3,ST_Slope_Flat,0.012847494936757499,8
dataset2,Heart Failure Prediction,adaboost,AdaBoost,3,Oldpeak,0.00923149456763664,9
dataset2,Heart Failure Prediction,adaboost,AdaBoost,3,RestingECG_Normal,0.002191300073417699,10
dataset2,Heart Failure Prediction,adaboost,AdaBoost,3,RestingBP,0.001982878736638776,11
dataset2,Heart Failure Prediction,adaboost,AdaBoost,3,Age,0.0,12
dataset2,Heart Failure Prediction,adaboost,AdaBoost,3,ChestPainType_ATA,0.0,13
dataset2,Heart Failure Prediction,adaboost,AdaBoost,3,ChestPainType_NAP,0.0,14
dataset2,Heart Failure Prediction,adaboost,AdaBoost,3,ChestPainType_TA,0.0,15
dataset2,Heart Failure Prediction,adaboost,AdaBoost,3,RestingECG_LVH,0.0,16
dataset2,Heart Failure Prediction,adaboost,AdaBoost,3,RestingECG_ST,0.0,17
dataset2,Heart Failure Prediction,adaboost,AdaBoost,3,ST_Slope_Down,0.0,18
dataset2,Heart Failure Prediction,adaboost,AdaBoost,4,ST_Slope_Up,0.11177211191998829,1
dataset2,Heart Failure Prediction,adaboost,AdaBoost,4,ChestPainType_ASY,0.07259703541293888,2
dataset2,Heart Failure Prediction,adaboost,AdaBoost,4,Sex,0.0298894225403987,3
dataset2,Heart Failure Prediction,adaboost,AdaBoost,4,MaxHR,0.02826826857345907,4
dataset2,Heart Failure Prediction,adaboost,AdaBoost,4,ExerciseAngina,0.028073186336303433,5
dataset2,Heart Failure Prediction,adaboost,AdaBoost,4,FastingBS,0.024444168097955077,6
dataset2,Heart Failure Prediction,adaboost,AdaBoost,4,Cholesterol,0.011824873134014363,7
dataset2,Heart Failure Prediction,adaboost,AdaBoost,4,ST_Slope_Flat,0.008565744569081653,8
dataset2,Heart Failure Prediction,adaboost,AdaBoost,4,Age,0.00756407020616845,9
dataset2,Heart Failure Prediction,adaboost,AdaBoost,4,Oldpeak,0.0059210611168156405,10
dataset2,Heart Failure Prediction,adaboost,AdaBoost,4,RestingBP,0.0,11
dataset2,Heart Failure Prediction,adaboost,AdaBoost,4,ChestPainType_ATA,0.0,12
dataset2,Heart Failure Prediction,adaboost,AdaBoost,4,ChestPainType_NAP,0.0,13
dataset2,Heart Failure Prediction,adaboost,AdaBoost,4,ChestPainType_TA,0.0,14
dataset2,Heart Failure Prediction,adaboost,AdaBoost,4,RestingECG_LVH,0.0,15
dataset2,Heart Failure Prediction,adaboost,AdaBoost,4,RestingECG_Normal,0.0,16
dataset2,Heart Failure Prediction,adaboost,AdaBoost,4,RestingECG_ST,0.0,17
dataset2,Heart Failure Prediction,adaboost,AdaBoost,4,ST_Slope_Down,0.0,18
dataset2,Heart Failure Prediction,adaboost,AdaBoost,5,ST_Slope_Up,0.10198747991188323,1
dataset2,Heart Failure Prediction,adaboost,AdaBoost,5,ChestPainType_ASY,0.07604120839655958,2
dataset2,Heart Failure Prediction,adaboost,AdaBoost,5,ExerciseAngina,0.03282934875595567,3
dataset2,Heart Failure Prediction,adaboost,AdaBoost,5,FastingBS,0.028409822945039326,4
dataset2,Heart Failure Prediction,adaboost,AdaBoost,5,Sex,0.02311306415548305,5
dataset2,Heart Failure Prediction,adaboost,AdaBoost,5,MaxHR,0.023072419988644684,6
dataset2,Heart Failure Prediction,adaboost,AdaBoost,5,Cholesterol,0.02293370665152946,7
dataset2,Heart Failure Prediction,adaboost,AdaBoost,5,Oldpeak,0.01108796023507149,8
dataset2,Heart Failure Prediction,adaboost,AdaBoost,5,RestingBP,0.008239292100765553,9
dataset2,Heart Failure Prediction,adaboost,AdaBoost,5,Age,0.003800694295424098,10
dataset2,Heart Failure Prediction,adaboost,AdaBoost,5,ST_Slope_Flat,0.0019402674165447508,11
dataset2,Heart Failure Prediction,adaboost,AdaBoost,5,ChestPainType_ATA,0.0014146959189489795,12
dataset2,Heart Failure Prediction,adaboost,AdaBoost,5,ChestPainType_NAP,0.0,13
dataset2,Heart Failure Prediction,adaboost,AdaBoost,5,ChestPainType_TA,0.0,14
dataset2,Heart Failure Prediction,adaboost,AdaBoost,5,RestingECG_LVH,0.0,15
dataset2,Heart Failure Prediction,adaboost,AdaBoost,5,RestingECG_Normal,0.0,16
dataset2,Heart Failure Prediction,adaboost,AdaBoost,5,RestingECG_ST,0.0,17
dataset2,Heart Failure Prediction,adaboost,AdaBoost,5,ST_Slope_Down,0.0,18
dataset2,Heart Failure Prediction,xgboost,XGBoost,1,ST_Slope_Up,0.9627314209938049,1
dataset2,Heart Failure Prediction,xgboost,XGBoost,1,ChestPainType_ASY,0.8491641283035278,2
dataset2,Heart Failure Prediction,xgboost,XGBoost,1,ST_Slope_Flat,0.6436073780059814,3
dataset2,Heart Failure Prediction,xgboost,XGBoost,1,Oldpeak,0.4762722849845886,4
dataset2,Heart Failure Prediction,xgboost,XGBoost,1,Cholesterol,0.47357359528541565,5
dataset2,Heart Failure Prediction,xgboost,XGBoost,1,Sex,0.40351274609565735,6
dataset2,Heart Failure Prediction,xgboost,XGBoost,1,ExerciseAngina,0.3549220860004425,7
dataset2,Heart Failure Prediction,xgboost,XGBoost,1,MaxHR,0.34246575832366943,8
dataset2,Heart Failure Prediction,xgboost,XGBoost,1,RestingBP,0.2859356701374054,9
dataset2,Heart Failure Prediction,xgboost,XGBoost,1,FastingBS,0.2769649922847748,10
dataset2,Heart Failure Prediction,xgboost,XGBoost,1,Age,0.20106101036071777,11
dataset2,Heart Failure Prediction,xgboost,XGBoost,1,RestingECG_LVH,0.09081629663705826,12
dataset2,Heart Failure Prediction,xgboost,XGBoost,1,ChestPainType_NAP,0.08135371655225754,13
dataset2,Heart Failure Prediction,xgboost,XGBoost,1,ChestPainType_ATA,0.04451273754239082,14
dataset2,Heart Failure Prediction,xgboost,XGBoost,1,RestingECG_ST,0.036993611603975296,15
dataset2,Heart Failure Prediction,xgboost,XGBoost,1,RestingECG_Normal,0.03412732109427452,16
dataset2,Heart Failure Prediction,xgboost,XGBoost,1,ChestPainType_TA,0.008321348577737808,17
dataset2,Heart Failure Prediction,xgboost,XGBoost,1,ST_Slope_Down,0.005432900972664356,18
dataset2,Heart Failure Prediction,xgboost,XGBoost,2,ST_Slope_Up,1.2605910301208496,1
dataset2,Heart Failure Prediction,xgboost,XGBoost,2,ChestPainType_ASY,1.0350996255874634,2
dataset2,Heart Failure Prediction,xgboost,XGBoost,2,Sex,0.595370888710022,3
dataset2,Heart Failure Prediction,xgboost,XGBoost,2,ST_Slope_Flat,0.5726568698883057,4
dataset2,Heart Failure Prediction,xgboost,XGBoost,2,Cholesterol,0.5606185793876648,5
dataset2,Heart Failure Prediction,xgboost,XGBoost,2,ExerciseAngina,0.45237997174263,6
dataset2,Heart Failure Prediction,xgboost,XGBoost,2,Oldpeak,0.39760223031044006,7
dataset2,Heart Failure Prediction,xgboost,XGBoost,2,MaxHR,0.38731300830841064,8
dataset2,Heart Failure Prediction,xgboost,XGBoost,2,RestingBP,0.3849967420101166,9
dataset2,Heart Failure Prediction,xgboost,XGBoost,2,Age,0.3136367201805115,10
dataset2,Heart Failure Prediction,xgboost,XGBoost,2,FastingBS,0.2620529532432556,11
dataset2,Heart Failure Prediction,xgboost,XGBoost,2,RestingECG_LVH,0.16288039088249207,12
dataset2,Heart Failure Prediction,xgboost,XGBoost,2,RestingECG_Normal,0.08266445994377136,13
dataset2,Heart Failure Prediction,xgboost,XGBoost,2,RestingECG_ST,0.03667926788330078,14
dataset2,Heart Failure Prediction,xgboost,XGBoost,2,ChestPainType_NAP,0.027523355558514595,15
dataset2,Heart Failure Prediction,xgboost,XGBoost,2,ChestPainType_ATA,0.023518305271863937,16
dataset2,Heart Failure Prediction,xgboost,XGBoost,2,ChestPainType_TA,0.014078177511692047,17
dataset2,Heart Failure Prediction,xgboost,XGBoost,2,ST_Slope_Down,0.0075541529804468155,18
dataset2,Heart Failure Prediction,xgboost,XGBoost,3,ST_Slope_Up,1.0796244144439697,1
dataset2,Heart Failure Prediction,xgboost,XGBoost,3,ChestPainType_ASY,0.7701364755630493,2
dataset2,Heart Failure Prediction,xgboost,XGBoost,3,ST_Slope_Flat,0.5996385812759399,3
dataset2,Heart Failure Prediction,xgboost,XGBoost,3,Sex,0.48970842361450195,4
dataset2,Heart Failure Prediction,xgboost,XGBoost,3,Oldpeak,0.40734630823135376,5
dataset2,Heart Failure Prediction,xgboost,XGBoost,3,Cholesterol,0.38149160146713257,6
dataset2,Heart Failure Prediction,xgboost,XGBoost,3,FastingBS,0.36101067066192627,7
dataset2,Heart Failure Prediction,xgboost,XGBoost,3,MaxHR,0.31985604763031006,8
dataset2,Heart Failure Prediction,xgboost,XGBoost,3,ExerciseAngina,0.30255576968193054,9
dataset2,Heart Failure Prediction,xgboost,XGBoost,3,Age,0.3024612367153168,10
dataset2,Heart Failure Prediction,xgboost,XGBoost,3,RestingBP,0.2681773900985718,11
dataset2,Heart Failure Prediction,xgboost,XGBoost,3,ChestPainType_NAP,0.15703535079956055,12
dataset2,Heart Failure Prediction,xgboost,XGBoost,3,RestingECG_Normal,0.11553220450878143,13
dataset2,Heart Failure Prediction,xgboost,XGBoost,3,RestingECG_LVH,0.06153789162635803,14
dataset2,Heart Failure Prediction,xgboost,XGBoost,3,RestingECG_ST,0.035159435123205185,15
dataset2,Heart Failure Prediction,xgboost,XGBoost,3,ChestPainType_ATA,0.01699792966246605,16
dataset2,Heart Failure Prediction,xgboost,XGBoost,3,ST_Slope_Down,0.01292296964675188,17
dataset2,Heart Failure Prediction,xgboost,XGBoost,3,ChestPainType_TA,0.01245193649083376,18
dataset2,Heart Failure Prediction,xgboost,XGBoost,4,ST_Slope_Up,1.1133724451065063,1
dataset2,Heart Failure Prediction,xgboost,XGBoost,4,ChestPainType_ASY,0.7121921181678772,2
dataset2,Heart Failure Prediction,xgboost,XGBoost,4,MaxHR,0.5045856833457947,3
dataset2,Heart Failure Prediction,xgboost,XGBoost,4,Sex,0.47479820251464844,4
dataset2,Heart Failure Prediction,xgboost,XGBoost,4,ST_Slope_Flat,0.4420226216316223,5
dataset2,Heart Failure Prediction,xgboost,XGBoost,4,Cholesterol,0.43535315990448,6
dataset2,Heart Failure Prediction,xgboost,XGBoost,4,Oldpeak,0.38406702876091003,7
dataset2,Heart Failure Prediction,xgboost,XGBoost,4,ExerciseAngina,0.3404586613178253,8
dataset2,Heart Failure Prediction,xgboost,XGBoost,4,FastingBS,0.33791401982307434,9
dataset2,Heart Failure Prediction,xgboost,XGBoost,4,Age,0.29874423146247864,10
dataset2,Heart Failure Prediction,xgboost,XGBoost,4,RestingBP,0.23974473774433136,11
dataset2,Heart Failure Prediction,xgboost,XGBoost,4,ChestPainType_NAP,0.12101083993911743,12
dataset2,Heart Failure Prediction,xgboost,XGBoost,4,RestingECG_LVH,0.06176365911960602,13
dataset2,Heart Failure Prediction,xgboost,XGBoost,4,RestingECG_Normal,0.04407643899321556,14
dataset2,Heart Failure Prediction,xgboost,XGBoost,4,ST_Slope_Down,0.014569413848221302,15
dataset2,Heart Failure Prediction,xgboost,XGBoost,4,RestingECG_ST,0.013591951690614223,16
dataset2,Heart Failure Prediction,xgboost,XGBoost,4,ChestPainType_ATA,0.010393979027867317,17
dataset2,Heart Failure Prediction,xgboost,XGBoost,4,ChestPainType_TA,0.006869222037494183,18
dataset2,Heart Failure Prediction,xgboost,XGBoost,5,ST_Slope_Up,1.0719672441482544,1
dataset2,Heart Failure Prediction,xgboost,XGBoost,5,ChestPainType_ASY,0.8561336994171143,2
dataset2,Heart Failure Prediction,xgboost,XGBoost,5,ST_Slope_Flat,0.5009346604347229,3
dataset2,Heart Failure Prediction,xgboost,XGBoost,5,ExerciseAngina,0.46180933713912964,4
dataset2,Heart Failure Prediction,xgboost,XGBoost,5,MaxHR,0.4573235809803009,5
dataset2,Heart Failure Prediction,xgboost,XGBoost,5,Cholesterol,0.4350699186325073,6
dataset2,Heart Failure Prediction,xgboost,XGBoost,5,FastingBS,0.3804187774658203,7
dataset2,Heart Failure Prediction,xgboost,XGBoost,5,Sex,0.3693666458129883,8
dataset2,Heart Failure Prediction,xgboost,XGBoost,5,RestingBP,0.3479757308959961,9
dataset2,Heart Failure Prediction,xgboost,XGBoost,5,Oldpeak,0.3316773772239685,10
dataset2,Heart Failure Prediction,xgboost,XGBoost,5,Age,0.27967995405197144,11
dataset2,Heart Failure Prediction,xgboost,XGBoost,5,ChestPainType_NAP,0.159711554646492,12
dataset2,Heart Failure Prediction,xgboost,XGBoost,5,RestingECG_LVH,0.06983436644077301,13
dataset2,Heart Failure Prediction,xgboost,XGBoost,5,RestingECG_Normal,0.06616905331611633,14
dataset2,Heart Failure Prediction,xgboost,XGBoost,5,RestingECG_ST,0.02421591244637966,15
dataset2,Heart Failure Prediction,xgboost,XGBoost,5,ChestPainType_ATA,0.016488030552864075,16
dataset2,Heart Failure Prediction,xgboost,XGBoost,5,ChestPainType_TA,0.009734706953167915,17
dataset2,Heart Failure Prediction,xgboost,XGBoost,5,ST_Slope_Down,0.008878786116838455,18
dataset2,Heart Failure Prediction,lightgbm,LightGBM,1,ST_Slope_Up,1.076997080785607,1
dataset2,Heart Failure Prediction,lightgbm,LightGBM,1,ChestPainType_ASY,0.9790419863701999,2
dataset2,Heart Failure Prediction,lightgbm,LightGBM,1,ST_Slope_Flat,0.6711848976280824,3
dataset2,Heart Failure Prediction,lightgbm,LightGBM,1,Oldpeak,0.5524011929372307,4
dataset2,Heart Failure Prediction,lightgbm,LightGBM,1,Cholesterol,0.4986541773708426,5
dataset2,Heart Failure Prediction,lightgbm,LightGBM,1,MaxHR,0.4473061143985064,6
dataset2,Heart Failure Prediction,lightgbm,LightGBM,1,Sex,0.4466487822590307,7
dataset2,Heart Failure Prediction,lightgbm,LightGBM,1,ExerciseAngina,0.4234827859176519,8
dataset2,Heart Failure Prediction,lightgbm,LightGBM,1,FastingBS,0.3538765984090182,9
dataset2,Heart Failure Prediction,lightgbm,LightGBM,1,RestingBP,0.3327428244943629,10
dataset2,Heart Failure Prediction,lightgbm,LightGBM,1,Age,0.2714129715108718,11
dataset2,Heart Failure Prediction,lightgbm,LightGBM,1,ChestPainType_NAP,0.0967075329348833,12
dataset2,Heart Failure Prediction,lightgbm,LightGBM,1,RestingECG_LVH,0.0712571139644267,13
dataset2,Heart Failure Prediction,lightgbm,LightGBM,1,ChestPainType_ATA,0.06721553109318854,14
dataset2,Heart Failure Prediction,lightgbm,LightGBM,1,RestingECG_Normal,0.045500145564299134,15
dataset2,Heart Failure Prediction,lightgbm,LightGBM,1,RestingECG_ST,0.040239971197105796,16
dataset2,Heart Failure Prediction,lightgbm,LightGBM,1,ST_Slope_Down,0.01411323774895363,17
dataset2,Heart Failure Prediction,lightgbm,LightGBM,1,ChestPainType_TA,0.010521093612746786,18
dataset2,Heart Failure Prediction,lightgbm,LightGBM,2,ST_Slope_Up,1.4827418856936372,1
dataset2,Heart Failure Prediction,lightgbm,LightGBM,2,ChestPainType_ASY,1.125221477378097,2
dataset2,Heart Failure Prediction,lightgbm,LightGBM,2,Sex,0.6966252178423568,3
dataset2,Heart Failure Prediction,lightgbm,LightGBM,2,ST_Slope_Flat,0.6569782486194956,4
dataset2,Heart Failure Prediction,lightgbm,LightGBM,2,Cholesterol,0.6060285638212461,5
dataset2,Heart Failure Prediction,lightgbm,LightGBM,2,ExerciseAngina,0.5268370918505123,6
dataset2,Heart Failure Prediction,lightgbm,LightGBM,2,Oldpeak,0.4428351076074099,7
dataset2,Heart Failure Prediction,lightgbm,LightGBM,2,MaxHR,0.4300137634353989,8
dataset2,Heart Failure Prediction,lightgbm,LightGBM,2,RestingBP,0.4213409820961896,9
dataset2,Heart Failure Prediction,lightgbm,LightGBM,2,Age,0.3570954080788209,10
dataset2,Heart Failure Prediction,lightgbm,LightGBM,2,FastingBS,0.2996651998801033,11
dataset2,Heart Failure Prediction,lightgbm,LightGBM,2,RestingECG_LVH,0.17027431408161614,12
dataset2,Heart Failure Prediction,lightgbm,LightGBM,2,RestingECG_Normal,0.12002882640231469,13
dataset2,Heart Failure Prediction,lightgbm,LightGBM,2,ChestPainType_NAP,0.037392781506094645,14
dataset2,Heart Failure Prediction,lightgbm,LightGBM,2,RestingECG_ST,0.029706306069529134,15
dataset2,Heart Failure Prediction,lightgbm,LightGBM,2,ChestPainType_ATA,0.0270453261078114,16
dataset2,Heart Failure Prediction,lightgbm,LightGBM,2,ChestPainType_TA,0.017447281808845083,17
dataset2,Heart Failure Prediction,lightgbm,LightGBM,2,ST_Slope_Down,0.004769299440756512,18
dataset2,Heart Failure Prediction,lightgbm,LightGBM,3,ST_Slope_Up,1.2424917062629293,1
dataset2,Heart Failure Prediction,lightgbm,LightGBM,3,ChestPainType_ASY,0.8698741505922054,2
dataset2,Heart Failure Prediction,lightgbm,LightGBM,3,ST_Slope_Flat,0.6544227693274985,3
dataset2,Heart Failure Prediction,lightgbm,LightGBM,3,Oldpeak,0.5442799314150302,4
dataset2,Heart Failure Prediction,lightgbm,LightGBM,3,Sex,0.5163013908904698,5
dataset2,Heart Failure Prediction,lightgbm,LightGBM,3,Cholesterol,0.44227709896604467,6
dataset2,Heart Failure Prediction,lightgbm,LightGBM,3,MaxHR,0.422410406741548,7
dataset2,Heart Failure Prediction,lightgbm,LightGBM,3,FastingBS,0.40347890844678547,8
dataset2,Heart Failure Prediction,lightgbm,LightGBM,3,Age,0.3490217603458565,9
dataset2,Heart Failure Prediction,lightgbm,LightGBM,3,RestingBP,0.3101878448635016,10
dataset2,Heart Failure Prediction,lightgbm,LightGBM,3,ExerciseAngina,0.28244091700339863,11
dataset2,Heart Failure Prediction,lightgbm,LightGBM,3,ChestPainType_NAP,0.15978464191468555,12
dataset2,Heart Failure Prediction,lightgbm,LightGBM,3,RestingECG_Normal,0.15303401546765666,13
dataset2,Heart Failure Prediction,lightgbm,LightGBM,3,RestingECG_LVH,0.05060793404380334,14
dataset2,Heart Failure Prediction,lightgbm,LightGBM,3,RestingECG_ST,0.028598488738903617,15
dataset2,Heart Failure Prediction,lightgbm,LightGBM,3,ST_Slope_Down,0.01805764355684009,16
dataset2,Heart Failure Prediction,lightgbm,LightGBM,3,ChestPainType_ATA,0.01464083382847156,17
dataset2,Heart Failure Prediction,lightgbm,LightGBM,3,ChestPainType_TA,0.013606735384259315,18
dataset2,Heart Failure Prediction,lightgbm,LightGBM,4,ST_Slope_Up,1.2590676262407385,1
dataset2,Heart Failure Prediction,lightgbm,LightGBM,4,ChestPainType_ASY,0.7815239052428481,2
dataset2,Heart Failure Prediction,lightgbm,LightGBM,4,MaxHR,0.5980557396874047,3
dataset2,Heart Failure Prediction,lightgbm,LightGBM,4,ST_Slope_Flat,0.5507081841048868,4
dataset2,Heart Failure Prediction,lightgbm,LightGBM,4,Cholesterol,0.5301370208970682,5
dataset2,Heart Failure Prediction,lightgbm,LightGBM,4,Sex,0.49680612365800986,6
dataset2,Heart Failure Prediction,lightgbm,LightGBM,4,Oldpeak,0.46265784695903345,7
dataset2,Heart Failure Prediction,lightgbm,LightGBM,4,FastingBS,0.4082259759097282,8
dataset2,Heart Failure Prediction,lightgbm,LightGBM,4,Age,0.32183833729884387,9
dataset2,Heart Failure Prediction,lightgbm,LightGBM,4,ExerciseAngina,0.30210535917022213,10
dataset2,Heart Failure Prediction,lightgbm,LightGBM,4,RestingBP,0.2906093407572642,11
dataset2,Heart Failure Prediction,lightgbm,LightGBM,4,ChestPainType_NAP,0.1349952240275828,12
dataset2,Heart Failure Prediction,lightgbm,LightGBM,4,RestingECG_LVH,0.05806184342044357,13
dataset2,Heart Failure Prediction,lightgbm,LightGBM,4,RestingECG_Normal,0.05508991915378899,14
dataset2,Heart Failure Prediction,lightgbm,LightGBM,4,RestingECG_ST,0.03382238740955978,15
dataset2,Heart Failure Prediction,lightgbm,LightGBM,4,ChestPainType_ATA,0.015245888196270338,16
dataset2,Heart Failure Prediction,lightgbm,LightGBM,4,ST_Slope_Down,0.0033888496850291855,17
dataset2,Heart Failure Prediction,lightgbm,LightGBM,4,ChestPainType_TA,0.0033447707784201807,18
dataset2,Heart Failure Prediction,lightgbm,LightGBM,5,ST_Slope_Up,1.2211748467424899,1
dataset2,Heart Failure Prediction,lightgbm,LightGBM,5,ChestPainType_ASY,0.9260712886453684,2
dataset2,Heart Failure Prediction,lightgbm,LightGBM,5,ST_Slope_Flat,0.5335712333386612,3
dataset2,Heart Failure Prediction,lightgbm,LightGBM,5,ExerciseAngina,0.5197053207187877,4
dataset2,Heart Failure Prediction,lightgbm,LightGBM,5,MaxHR,0.4850404846523081,5
dataset2,Heart Failure Prediction,lightgbm,LightGBM,5,Cholesterol,0.4781044105250488,6
dataset2,Heart Failure Prediction,lightgbm,LightGBM,5,Oldpeak,0.43054741986428685,7
dataset2,Heart Failure Prediction,lightgbm,LightGBM,5,FastingBS,0.41883404468453944,8
dataset2,Heart Failure Prediction,lightgbm,LightGBM,5,Sex,0.4186741371999042,9
dataset2,Heart Failure Prediction,lightgbm,LightGBM,5,RestingBP,0.36658315805734126,10
dataset2,Heart Failure Prediction,lightgbm,LightGBM,5,Age,0.3081164707220602,11
dataset2,Heart Failure Prediction,lightgbm,LightGBM,5,ChestPainType_NAP,0.15791234354303693,12
dataset2,Heart Failure Prediction,lightgbm,LightGBM,5,RestingECG_LVH,0.07666446768355695,13
dataset2,Heart Failure Prediction,lightgbm,LightGBM,5,RestingECG_Normal,0.06991990543838456,14
dataset2,Heart Failure Prediction,lightgbm,LightGBM,5,ChestPainType_ATA,0.021758918472522815,15
dataset2,Heart Failure Prediction,lightgbm,LightGBM,5,RestingECG_ST,0.01486214517290631,16
dataset2,Heart Failure Prediction,lightgbm,LightGBM,5,ChestPainType_TA,0.002902168397975874,17
dataset2,Heart Failure Prediction,lightgbm,LightGBM,5,ST_Slope_Down,0.0020596801286616616,18
dataset3,Heart Disease Health Indicators (BRFSS 2015),adaboost,AdaBoost,1,Age,0.07442954730062588,1
dataset3,Heart Disease Health Indicators (BRFSS 2015),adaboost,AdaBoost,1,GenHlth,0.04286955734674994,2
dataset3,Heart Disease Health Indicators (BRFSS 2015),adaboost,AdaBoost,1,Sex,0.034825948508090156,3
dataset3,Heart Disease Health Indicators (BRFSS 2015),adaboost,AdaBoost,1,HighBP,0.034093161867100985,4
dataset3,Heart Disease Health Indicators (BRFSS 2015),adaboost,AdaBoost,1,HighChol,0.033810909085263824,5
dataset3,Heart Disease Health Indicators (BRFSS 2015),adaboost,AdaBoost,1,Smoker,0.013256172823008026,6
dataset3,Heart Disease Health Indicators (BRFSS 2015),adaboost,AdaBoost,1,Stroke,0.012199463951365295,7
dataset3,Heart Disease Health Indicators (BRFSS 2015),adaboost,AdaBoost,1,DiffWalk,0.010834993761896476,8
dataset3,Heart Disease Health Indicators (BRFSS 2015),adaboost,AdaBoost,1,Diabetes_0_0,0.008123598951867327,9
dataset3,Heart Disease Health Indicators (BRFSS 2015),adaboost,AdaBoost,1,Income,0.004211291668032553,10
dataset3,Heart Disease Health Indicators (BRFSS 2015),adaboost,AdaBoost,1,PhysHlth,0.0033909961726200223,11
dataset3,Heart Disease Health Indicators (BRFSS 2015),adaboost,AdaBoost,1,BMI,0.0,12
dataset3,Heart Disease Health Indicators (BRFSS 2015),adaboost,AdaBoost,1,MentHlth,0.0,13
dataset3,Heart Disease Health Indicators (BRFSS 2015),adaboost,AdaBoost,1,Education,0.0,14
dataset3,Heart Disease Health Indicators (BRFSS 2015),adaboost,AdaBoost,1,CholCheck,0.0,15
dataset3,Heart Disease Health Indicators (BRFSS 2015),adaboost,AdaBoost,1,PhysActivity,0.0,16
dataset3,Heart Disease Health Indicators (BRFSS 2015),adaboost,AdaBoost,1,Fruits,0.0,17
dataset3,Heart Disease Health Indicators (BRFSS 2015),adaboost,AdaBoost,1,Veggies,0.0,18
dataset3,Heart Disease Health Indicators (BRFSS 2015),adaboost,AdaBoost,1,HvyAlcoholConsump,0.0,19
dataset3,Heart Disease Health Indicators (BRFSS 2015),adaboost,AdaBoost,1,AnyHealthcare,0.0,20
dataset3,Heart Disease Health Indicators (BRFSS 2015),adaboost,AdaBoost,1,NoDocbcCost,0.0,21
dataset3,Heart Disease Health Indicators (BRFSS 2015),adaboost,AdaBoost,1,Diabetes_1_0,0.0,22
dataset3,Heart Disease Health Indicators (BRFSS 2015),adaboost,AdaBoost,2,Age,0.07558877138614523,1
dataset3,Heart Disease Health Indicators (BRFSS 2015),adaboost,AdaBoost,2,GenHlth,0.05145289502388614,2
dataset3,Heart Disease Health Indicators (BRFSS 2015),adaboost,AdaBoost,2,Sex,0.033981036084776005,3
dataset3,Heart Disease Health Indicators (BRFSS 2015),adaboost,AdaBoost,2,HighBP,0.03274433688574843,4
dataset3,Heart Disease Health Indicators (BRFSS 2015),adaboost,AdaBoost,2,HighChol,0.032621324302070064,5
dataset3,Heart Disease Health Indicators (BRFSS 2015),adaboost,AdaBoost,2,Smoker,0.015585466301538599,6
dataset3,Heart Disease Health Indicators (BRFSS 2015),adaboost,AdaBoost,2,Stroke,0.012309994625331373,7
dataset3,Heart Disease Health Indicators (BRFSS 2015),adaboost,AdaBoost,2,DiffWalk,0.011378646947388544,8
dataset3,Heart Disease Health Indicators (BRFSS 2015),adaboost,AdaBoost,2,Diabetes_0_0,0.004644856253831453,9
dataset3,Heart Disease Health Indicators (BRFSS 2015),adaboost,AdaBoost,2,Income,0.003599798818385852,10
dataset3,Heart Disease Health Indicators (BRFSS 2015),adaboost,AdaBoost,2,PhysHlth,0.0020149454543174875,11
dataset3,Heart Disease Health Indicators (BRFSS 2015),adaboost,AdaBoost,2,CholCheck,0.00013610323437055621,12
dataset3,Heart Disease Health Indicators (BRFSS 2015),adaboost,AdaBoost,2,BMI,0.0,13
dataset3,Heart Disease Health Indicators (BRFSS 2015),adaboost,AdaBoost,2,MentHlth,0.0,14
dataset3,Heart Disease Health Indicators (BRFSS 2015),adaboost,AdaBoost,2,Education,0.0,15
dataset3,Heart Disease Health Indicators (BRFSS 2015),adaboost,AdaBoost,2,PhysActivity,0.0,16
dataset3,Heart Disease Health Indicators (BRFSS 2015),adaboost,AdaBoost,2,Fruits,0.0,17
dataset3,Heart Disease Health Indicators (BRFSS 2015),adaboost,AdaBoost,2,Veggies,0.0,18
dataset3,Heart Disease Health Indicators (BRFSS 2015),adaboost,AdaBoost,2,HvyAlcoholConsump,0.0,19
dataset3,Heart Disease Health Indicators (BRFSS 2015),adaboost,AdaBoost,2,AnyHealthcare,0.0,20
dataset3,Heart Disease Health Indicators (BRFSS 2015),adaboost,AdaBoost,2,NoDocbcCost,0.0,21
dataset3,Heart Disease Health Indicators (BRFSS 2015),adaboost,AdaBoost,2,Diabetes_1_0,0.0,22
dataset3,Heart Disease Health Indicators (BRFSS 2015),adaboost,AdaBoost,3,Age,0.07704681196191265,1
dataset3,Heart Disease Health Indicators (BRFSS 2015),adaboost,AdaBoost,3,GenHlth,0.04941224482158953,2
dataset3,Heart Disease Health Indicators (BRFSS 2015),adaboost,AdaBoost,3,HighBP,0.03380168513779893,3
dataset3,Heart Disease Health Indicators (BRFSS 2015),adaboost,AdaBoost,3,HighChol,0.03202586507503266,4
dataset3,Heart Disease Health Indicators (BRFSS 2015),adaboost,AdaBoost,3,Sex,0.031075711937048812,5
dataset3,Heart Disease Health Indicators (BRFSS 2015),adaboost,AdaBoost,3,Smoker,0.013712699357783102,6
dataset3,Heart Disease Health Indicators (BRFSS 2015),adaboost,AdaBoost,3,DiffWalk,0.010291243215798726,7
dataset3,Heart Disease Health Indicators (BRFSS 2015),adaboost,AdaBoost,3,Diabetes_0_0,0.006618579939188806,8
dataset3,Heart Disease Health Indicators (BRFSS 2015),adaboost,AdaBoost,3,Stroke,0.005318147598192871,9
dataset3,Heart Disease Health Indicators (BRFSS 2015),adaboost,AdaBoost,3,Income,0.0020666160951061893,10
dataset3,Heart Disease Health Indicators (BRFSS 2015),adaboost,AdaBoost,3,PhysHlth,0.001836170772020387,11
dataset3,Heart Disease Health Indicators (BRFSS 2015),adaboost,AdaBoost,3,CholCheck,0.00014064783343508504,12
dataset3,Heart Disease Health Indicators (BRFSS 2015),adaboost,AdaBoost,3,BMI,0.0,13
dataset3,Heart Disease Health Indicators (BRFSS 2015),adaboost,AdaBoost,3,MentHlth,0.0,14
dataset3,Heart Disease Health Indicators (BRFSS 2015),adaboost,AdaBoost,3,Education,0.0,15
dataset3,Heart Disease Health Indicators (BRFSS 2015),adaboost,AdaBoost,3,PhysActivity,0.0,16
dataset3,Heart Disease Health Indicators (BRFSS 2015),adaboost,AdaBoost,3,Fruits,0.0,17
dataset3,Heart Disease Health Indicators (BRFSS 2015),adaboost,AdaBoost,3,Veggies,0.0,18
dataset3,Heart Disease Health Indicators (BRFSS 2015),adaboost,AdaBoost,3,HvyAlcoholConsump,0.0,19
dataset3,Heart Disease Health Indicators (BRFSS 2015),adaboost,AdaBoost,3,AnyHealthcare,0.0,20
dataset3,Heart Disease Health Indicators (BRFSS 2015),adaboost,AdaBoost,3,NoDocbcCost,0.0,21
dataset3,Heart Disease Health Indicators (BRFSS 2015),adaboost,AdaBoost,3,Diabetes_1_0,0.0,22
dataset3,Heart Disease Health Indicators (BRFSS 2015),adaboost,AdaBoost,4,Age,0.07446671126076548,1
dataset3,Heart Disease Health Indicators (BRFSS 2015),adaboost,AdaBoost,4,GenHlth,0.05188627866793652,2
dataset3,Heart Disease Health Indicators (BRFSS 2015),adaboost,AdaBoost,4,Sex,0.03466700437648822,3
dataset3,Heart Disease Health Indicators (BRFSS 2015),adaboost,AdaBoost,4,HighChol,0.03381539541505218,4
dataset3,Heart Disease Health Indicators (BRFSS 2015),adaboost,AdaBoost,4,HighBP,0.03267885438582835,5
dataset3,Heart Disease Health Indicators (BRFSS 2015),adaboost,AdaBoost,4,Smoker,0.014726657429989137,6
dataset3,Heart Disease Health Indicators (BRFSS 2015),adaboost,AdaBoost,4,DiffWalk,0.011262455570674224,7
dataset3,Heart Disease Health Indicators (BRFSS 2015),adaboost,AdaBoost,4,Diabetes_0_0,0.0055137448488014485,8
dataset3,Heart Disease Health Indicators (BRFSS 2015),adaboost,AdaBoost,4,Stroke,0.005451929252482532,9
dataset3,Heart Disease Health Indicators (BRFSS 2015),adaboost,AdaBoost,4,Income,0.004244688625758957,10
dataset3,Heart Disease Health Indicators (BRFSS 2015),adaboost,AdaBoost,4,PhysHlth,0.0020831528432386035,11
dataset3,Heart Disease Health Indicators (BRFSS 2015),adaboost,AdaBoost,4,BMI,0.0,12
dataset3,Heart Disease Health Indicators (BRFSS 2015),adaboost,AdaBoost,4,MentHlth,0.0,13
dataset3,Heart Disease Health Indicators (BRFSS 2015),adaboost,AdaBoost,4,Education,0.0,14
dataset3,Heart Disease Health Indicators (BRFSS 2015),adaboost,AdaBoost,4,CholCheck,0.0,15
dataset3,Heart Disease Health Indicators (BRFSS 2015),adaboost,AdaBoost,4,PhysActivity,0.0,16
dataset3,Heart Disease Health Indicators (BRFSS 2015),adaboost,AdaBoost,4,Fruits,0.0,17
dataset3,Heart Disease Health Indicators (BRFSS 2015),adaboost,AdaBoost,4,Veggies,0.0,18
dataset3,Heart Disease Health Indicators (BRFSS 2015),adaboost,AdaBoost,4,HvyAlcoholConsump,0.0,19
dataset3,Heart Disease Health Indicators (BRFSS 2015),adaboost,AdaBoost,4,AnyHealthcare,0.0,20
dataset3,Heart Disease Health Indicators (BRFSS 2015),adaboost,AdaBoost,4,NoDocbcCost,0.0,21
dataset3,Heart Disease Health Indicators (BRFSS 2015),adaboost,AdaBoost,4,Diabetes_1_0,0.0,22
dataset3,Heart Disease Health Indicators (BRFSS 2015),adaboost,AdaBoost,5,Age,0.07773578842158547,1
dataset3,Heart Disease Health Indicators (BRFSS 2015),adaboost,AdaBoost,5,GenHlth,0.054950469996229934,2
dataset3,Heart Disease Health Indicators (BRFSS 2015),adaboost,AdaBoost,5,Sex,0.03361526537952165,3
dataset3,Heart Disease Health Indicators (BRFSS 2015),adaboost,AdaBoost,5,HighBP,0.03322778378683395,4
dataset3,Heart Disease Health Indicators (BRFSS 2015),adaboost,AdaBoost,5,HighChol,0.03204900006708813,5
dataset3,Heart Disease Health Indicators (BRFSS 2015),adaboost,AdaBoost,5,Smoker,0.014780127648429066,6
dataset3,Heart Disease Health Indicators (BRFSS 2015),adaboost,AdaBoost,5,Stroke,0.014283343479356803,7
dataset3,Heart Disease Health Indicators (BRFSS 2015),adaboost,AdaBoost,5,DiffWalk,0.009039905234568334,8
dataset3,Heart Disease Health Indicators (BRFSS 2015),adaboost,AdaBoost,5,Diabetes_0_0,0.004711871455693863,9
dataset3,Heart Disease Health Indicators (BRFSS 2015),adaboost,AdaBoost,5,Income,0.004428515933861141,10
dataset3,Heart Disease Health Indicators (BRFSS 2015),adaboost,AdaBoost,5,PhysHlth,0.002052958675857718,11
dataset3,Heart Disease Health Indicators (BRFSS 2015),adaboost,AdaBoost,5,BMI,0.0,12
dataset3,Heart Disease Health Indicators (BRFSS 2015),adaboost,AdaBoost,5,MentHlth,0.0,13
dataset3,Heart Disease Health Indicators (BRFSS 2015),adaboost,AdaBoost,5,Education,0.0,14
dataset3,Heart Disease Health Indicators (BRFSS 2015),adaboost,AdaBoost,5,CholCheck,0.0,15
dataset3,Heart Disease Health Indicators (BRFSS 2015),adaboost,AdaBoost,5,PhysActivity,0.0,16
dataset3,Heart Disease Health Indicators (BRFSS 2015),adaboost,AdaBoost,5,Fruits,0.0,17
dataset3,Heart Disease Health Indicators (BRFSS 2015),adaboost,AdaBoost,5,Veggies,0.0,18
dataset3,Heart Disease Health Indicators (BRFSS 2015),adaboost,AdaBoost,5,HvyAlcoholConsump,0.0,19
dataset3,Heart Disease Health Indicators (BRFSS 2015),adaboost,AdaBoost,5,AnyHealthcare,0.0,20
dataset3,Heart Disease Health Indicators (BRFSS 2015),adaboost,AdaBoost,5,NoDocbcCost,0.0,21
dataset3,Heart Disease Health Indicators (BRFSS 2015),adaboost,AdaBoost,5,Diabetes_1_0,0.0,22
dataset3,Heart Disease Health Indicators (BRFSS 2015),xgboost,XGBoost,1,Age,0.7719168066978455,1
dataset3,Heart Disease Health Indicators (BRFSS 2015),xgboost,XGBoost,1,GenHlth,0.37431102991104126,2
dataset3,Heart Disease Health Indicators (BRFSS 2015),xgboost,XGBoost,1,HighBP,0.3650057911872864,3
dataset3,Heart Disease Health Indicators (BRFSS 2015),xgboost,XGBoost,1,Sex,0.361685186624527,4
dataset3,Heart Disease Health Indicators (BRFSS 2015),xgboost,XGBoost,1,HighChol,0.30190062522888184,5
dataset3,Heart Disease Health Indicators (BRFSS 2015),xgboost,XGBoost,1,Smoker,0.1645023226737976,6
dataset3,Heart Disease Health Indicators (BRFSS 2015),xgboost,XGBoost,1,DiffWalk,0.12899447977542877,7
dataset3,Heart Disease Health Indicators (BRFSS 2015),xgboost,XGBoost,1,Stroke,0.1047261655330658,8
dataset3,Heart Disease Health Indicators (BRFSS 2015),xgboost,XGBoost,1,Diabetes_0_0,0.09931819885969162,9
dataset3,Heart Disease Health Indicators (BRFSS 2015),xgboost,XGBoost,1,Income,0.095408134162426,10
dataset3,Heart Disease Health Indicators (BRFSS 2015),xgboost,XGBoost,1,PhysHlth,0.049243029206991196,11
dataset3,Heart Disease Health Indicators (BRFSS 2015),xgboost,XGBoost,1,CholCheck,0.04598448425531387,12
dataset3,Heart Disease Health Indicators (BRFSS 2015),xgboost,XGBoost,1,BMI,0.03363664448261261,13
dataset3,Heart Disease Health Indicators (BRFSS 2015),xgboost,XGBoost,1,HvyAlcoholConsump,0.032987624406814575,14
dataset3,Heart Disease Health Indicators (BRFSS 2015),xgboost,XGBoost,1,NoDocbcCost,0.031938426196575165,15
dataset3,Heart Disease Health Indicators (BRFSS 2015),xgboost,XGBoost,1,Education,0.031086811795830727,16
dataset3,Heart Disease Health Indicators (BRFSS 2015),xgboost,XGBoost,1,MentHlth,0.02967246249318123,17
dataset3,Heart Disease Health Indicators (BRFSS 2015),xgboost,XGBoost,1,Veggies,0.023912837728857994,18
dataset3,Heart Disease Health Indicators (BRFSS 2015),xgboost,XGBoost,1,PhysActivity,0.02210444025695324,19
dataset3,Heart Disease Health Indicators (BRFSS 2015),xgboost,XGBoost,1,Fruits,0.011105891317129135,20
dataset3,Heart Disease Health Indicators (BRFSS 2015),xgboost,XGBoost,1,Diabetes_1_0,0.010497353971004486,21
dataset3,Heart Disease Health Indicators (BRFSS 2015),xgboost,XGBoost,1,AnyHealthcare,0.003921678755432367,22
dataset3,Heart Disease Health Indicators (BRFSS 2015),xgboost,XGBoost,2,Age,0.730786919593811,1
dataset3,Heart Disease Health Indicators (BRFSS 2015),xgboost,XGBoost,2,GenHlth,0.45544758439064026,2
dataset3,Heart Disease Health Indicators (BRFSS 2015),xgboost,XGBoost,2,Sex,0.34833380579948425,3
dataset3,Heart Disease Health Indicators (BRFSS 2015),xgboost,XGBoost,2,HighBP,0.32755282521247864,4
dataset3,Heart Disease Health Indicators (BRFSS 2015),xgboost,XGBoost,2,HighChol,0.30461210012435913,5
dataset3,Heart Disease Health Indicators (BRFSS 2015),xgboost,XGBoost,2,Smoker,0.17920996248722076,6
dataset3,Heart Disease Health Indicators (BRFSS 2015),xgboost,XGBoost,2,Stroke,0.13616183400154114,7
dataset3,Heart Disease Health Indicators (BRFSS 2015),xgboost,XGBoost,2,DiffWalk,0.13474507629871368,8
dataset3,Heart Disease Health Indicators (BRFSS 2015),xgboost,XGBoost,2,Diabetes_0_0,0.10390020161867142,9
dataset3,Heart Disease Health Indicators (BRFSS 2015),xgboost,XGBoost,2,Income,0.09243455529212952,10
dataset3,Heart Disease Health Indicators (BRFSS 2015),xgboost,XGBoost,2,PhysHlth,0.044074349105358124,11
dataset3,Heart Disease Health Indicators (BRFSS 2015),xgboost,XGBoost,2,NoDocbcCost,0.04204269498586655,12
dataset3,Heart Disease Health Indicators (BRFSS 2015),xgboost,XGBoost,2,BMI,0.035714954137802124,13
dataset3,Heart Disease Health Indicators (BRFSS 2015),xgboost,XGBoost,2,CholCheck,0.0319833979010582,14
dataset3,Heart Disease Health Indicators (BRFSS 2015),xgboost,XGBoost,2,HvyAlcoholConsump,0.03191530704498291,15
dataset3,Heart Disease Health Indicators (BRFSS 2015),xgboost,XGBoost,2,MentHlth,0.02484990656375885,16
dataset3,Heart Disease Health Indicators (BRFSS 2015),xgboost,XGBoost,2,PhysActivity,0.024549849331378937,17
dataset3,Heart Disease Health Indicators (BRFSS 2015),xgboost,XGBoost,2,Education,0.02404799684882164,18
dataset3,Heart Disease Health Indicators (BRFSS 2015),xgboost,XGBoost,2,Veggies,0.014779677614569664,19
dataset3,Heart Disease Health Indicators (BRFSS 2015),xgboost,XGBoost,2,Fruits,0.011582911014556885,20
dataset3,Heart Disease Health Indicators (BRFSS 2015),xgboost,XGBoost,2,Diabetes_1_0,0.009903602302074432,21
dataset3,Heart Disease Health Indicators (BRFSS 2015),xgboost,XGBoost,2,AnyHealthcare,0.006282649002969265,22
dataset3,Heart Disease Health Indicators (BRFSS 2015),xgboost,XGBoost,3,Age,0.7614659667015076,1
dataset3,Heart Disease Health Indicators (BRFSS 2015),xgboost,XGBoost,3,GenHlth,0.4229331612586975,2
dataset3,Heart Disease Health Indicators (BRFSS 2015),xgboost,XGBoost,3,Sex,0.3576871454715729,3
dataset3,Heart Disease Health Indicators (BRFSS 2015),xgboost,XGBoost,3,HighBP,0.3329498767852783,4
dataset3,Heart Disease Health Indicators (BRFSS 2015),xgboost,XGBoost,3,HighChol,0.30800265073776245,5
dataset3,Heart Disease Health Indicators (BRFSS 2015),xgboost,XGBoost,3,Smoker,0.16803310811519623,6
dataset3,Heart Disease Health Indicators (BRFSS 2015),xgboost,XGBoost,3,DiffWalk,0.13507075607776642,7
dataset3,Heart Disease Health Indicators (BRFSS 2015),xgboost,XGBoost,3,Stroke,0.11850099265575409,8
dataset3,Heart Disease Health Indicators (BRFSS 2015),xgboost,XGBoost,3,Diabetes_0_0,0.10289942473173141,9
dataset3,Heart Disease Health Indicators (BRFSS 2015),xgboost,XGBoost,3,Income,0.07410553097724915,10
dataset3,Heart Disease Health Indicators (BRFSS 2015),xgboost,XGBoost,3,CholCheck,0.04838436096906662,11
dataset3,Heart Disease Health Indicators (BRFSS 2015),xgboost,XGBoost,3,PhysHlth,0.04477599263191223,12
dataset3,Heart Disease Health Indicators (BRFSS 2015),xgboost,XGBoost,3,NoDocbcCost,0.03820980340242386,13
dataset3,Heart Disease Health Indicators (BRFSS 2015),xgboost,XGBoost,3,Education,0.03406378626823425,14
dataset3,Heart Disease Health Indicators (BRFSS 2015),xgboost,XGBoost,3,BMI,0.031119633466005325,15
dataset3,Heart Disease Health Indicators (BRFSS 2015),xgboost,XGBoost,3,MentHlth,0.025318529456853867,16
dataset3,Heart Disease Health Indicators (BRFSS 2015),xgboost,XGBoost,3,HvyAlcoholConsump,0.02175079844892025,17
dataset3,Heart Disease Health Indicators (BRFSS 2015),xgboost,XGBoost,3,PhysActivity,0.017550043761730194,18
dataset3,Heart Disease Health Indicators (BRFSS 2015),xgboost,XGBoost,3,Veggies,0.015170720405876637,19
dataset3,Heart Disease Health Indicators (BRFSS 2015),xgboost,XGBoost,3,Fruits,0.012477731332182884,20
dataset3,Heart Disease Health Indicators (BRFSS 2015),xgboost,XGBoost,3,Diabetes_1_0,0.007663556840270758,21
dataset3,Heart Disease Health Indicators (BRFSS 2015),xgboost,XGBoost,3,AnyHealthcare,0.004716575611382723,22
dataset3,Heart Disease Health Indicators (BRFSS 2015),xgboost,XGBoost,4,Age,0.7608718872070312,1
dataset3,Heart Disease Health Indicators (BRFSS 2015),xgboost,XGBoost,4,GenHlth,0.43699586391448975,2
dataset3,Heart Disease Health Indicators (BRFSS 2015),xgboost,XGBoost,4,Sex,0.3661307096481323,3
dataset3,Heart Disease Health Indicators (BRFSS 2015),xgboost,XGBoost,4,HighBP,0.3402426242828369,4
dataset3,Heart Disease Health Indicators (BRFSS 2015),xgboost,XGBoost,4,HighChol,0.3016805350780487,5
dataset3,Heart Disease Health Indicators (BRFSS 2015),xgboost,XGBoost,4,Smoker,0.16273654997348785,6
dataset3,Heart Disease Health Indicators (BRFSS 2015),xgboost,XGBoost,4,DiffWalk,0.14011633396148682,7
dataset3,Heart Disease Health Indicators (BRFSS 2015),xgboost,XGBoost,4,Stroke,0.12136095017194748,8
dataset3,Heart Disease Health Indicators (BRFSS 2015),xgboost,XGBoost,4,Diabetes_0_0,0.11058425158262253,9
dataset3,Heart Disease Health Indicators (BRFSS 2015),xgboost,XGBoost,4,Income,0.10164952278137207,10
dataset3,Heart Disease Health Indicators (BRFSS 2015),xgboost,XGBoost,4,PhysHlth,0.055535756051540375,11
dataset3,Heart Disease Health Indicators (BRFSS 2015),xgboost,XGBoost,4,NoDocbcCost,0.03857865184545517,12
dataset3,Heart Disease Health Indicators (BRFSS 2015),xgboost,XGBoost,4,BMI,0.03522742912173271,13
dataset3,Heart Disease Health Indicators (BRFSS 2015),xgboost,XGBoost,4,HvyAlcoholConsump,0.033606600016355515,14
dataset3,Heart Disease Health Indicators (BRFSS 2015),xgboost,XGBoost,4,CholCheck,0.030799321830272675,15
dataset3,Heart Disease Health Indicators (BRFSS 2015),xgboost,XGBoost,4,Education,0.02955693006515503,16
dataset3,Heart Disease Health Indicators (BRFSS 2015),xgboost,XGBoost,4,PhysActivity,0.025551224127411842,17
dataset3,Heart Disease Health Indicators (BRFSS 2015),xgboost,XGBoost,4,MentHlth,0.025026211515069008,18
dataset3,Heart Disease Health Indicators (BRFSS 2015),xgboost,XGBoost,4,Veggies,0.016326822340488434,19
dataset3,Heart Disease Health Indicators (BRFSS 2015),xgboost,XGBoost,4,Fruits,0.007598766125738621,20
dataset3,Heart Disease Health Indicators (BRFSS 2015),xgboost,XGBoost,4,Diabetes_1_0,0.00606257189065218,21
dataset3,Heart Disease Health Indicators (BRFSS 2015),xgboost,XGBoost,4,AnyHealthcare,0.004469273611903191,22
dataset3,Heart Disease Health Indicators (BRFSS 2015),xgboost,XGBoost,5,Age,0.8163157105445862,1
dataset3,Heart Disease Health Indicators (BRFSS 2015),xgboost,XGBoost,5,GenHlth,0.45265620946884155,2
dataset3,Heart Disease Health Indicators (BRFSS 2015),xgboost,XGBoost,5,Sex,0.33776551485061646,3
dataset3,Heart Disease Health Indicators (BRFSS 2015),xgboost,XGBoost,5,HighBP,0.3335859775543213,4
dataset3,Heart Disease Health Indicators (BRFSS 2015),xgboost,XGBoost,5,HighChol,0.2899475395679474,5
dataset3,Heart Disease Health Indicators (BRFSS 2015),xgboost,XGBoost,5,Smoker,0.17132385075092316,6
dataset3,Heart Disease Health Indicators (BRFSS 2015),xgboost,XGBoost,5,Stroke,0.15284861624240875,7
dataset3,Heart Disease Health Indicators (BRFSS 2015),xgboost,XGBoost,5,DiffWalk,0.13068221509456635,8
dataset3,Heart Disease Health Indicators (BRFSS 2015),xgboost,XGBoost,5,Diabetes_0_0,0.10068846493959427,9
dataset3,Heart Disease Health Indicators (BRFSS 2015),xgboost,XGBoost,5,Income,0.0943610891699791,10
dataset3,Heart Disease Health Indicators (BRFSS 2015),xgboost,XGBoost,5,PhysHlth,0.050617869943380356,11
dataset3,Heart Disease Health Indicators (BRFSS 2015),xgboost,XGBoost,5,BMI,0.04441467300057411,12
dataset3,Heart Disease Health Indicators (BRFSS 2015),xgboost,XGBoost,5,NoDocbcCost,0.04376674070954323,13
dataset3,Heart Disease Health Indicators (BRFSS 2015),xgboost,XGBoost,5,CholCheck,0.029374588280916214,14
dataset3,Heart Disease Health Indicators (BRFSS 2015),xgboost,XGBoost,5,HvyAlcoholConsump,0.028365416452288628,15
dataset3,Heart Disease Health Indicators (BRFSS 2015),xgboost,XGBoost,5,PhysActivity,0.028293423354625702,16
dataset3,Heart Disease Health Indicators (BRFSS 2015),xgboost,XGBoost,5,Fruits,0.022706225514411926,17
dataset3,Heart Disease Health Indicators (BRFSS 2015),xgboost,XGBoost,5,MentHlth,0.021881327033042908,18
dataset3,Heart Disease Health Indicators (BRFSS 2015),xgboost,XGBoost,5,Education,0.019458137452602386,19
dataset3,Heart Disease Health Indicators (BRFSS 2015),xgboost,XGBoost,5,Veggies,0.01729198731482029,20
dataset3,Heart Disease Health Indicators (BRFSS 2015),xgboost,XGBoost,5,Diabetes_1_0,0.008728609420359135,21
dataset3,Heart Disease Health Indicators (BRFSS 2015),xgboost,XGBoost,5,AnyHealthcare,0.008033258840441704,22
dataset3,Heart Disease Health Indicators (BRFSS 2015),lightgbm,LightGBM,1,Age,0.7903778260824886,1
dataset3,Heart Disease Health Indicators (BRFSS 2015),lightgbm,LightGBM,1,GenHlth,0.4143547040162632,2
dataset3,Heart Disease Health Indicators (BRFSS 2015),lightgbm,LightGBM,1,HighBP,0.41128774634488574,3
dataset3,Heart Disease Health Indicators (BRFSS 2015),lightgbm,LightGBM,1,Sex,0.3561344627693061,4
dataset3,Heart Disease Health Indicators (BRFSS 2015),lightgbm,LightGBM,1,HighChol,0.2943295791614195,5
dataset3,Heart Disease Health Indicators (BRFSS 2015),lightgbm,LightGBM,1,Smoker,0.1633730958093319,6
dataset3,Heart Disease Health Indicators (BRFSS 2015),lightgbm,LightGBM,1,DiffWalk,0.11127652277618844,7
dataset3,Heart Disease Health Indicators (BRFSS 2015),lightgbm,LightGBM,1,Income,0.1082150822140822,8
dataset3,Heart Disease Health Indicators (BRFSS 2015),lightgbm,LightGBM,1,Diabetes_0_0,0.09056253338530519,9
dataset3,Heart Disease Health Indicators (BRFSS 2015),lightgbm,LightGBM,1,CholCheck,0.07510622913538711,10
dataset3,Heart Disease Health Indicators (BRFSS 2015),lightgbm,LightGBM,1,Stroke,0.0686881133434709,11
dataset3,Heart Disease Health Indicators (BRFSS 2015),lightgbm,LightGBM,1,BMI,0.05297561675748222,12
dataset3,Heart Disease Health Indicators (BRFSS 2015),lightgbm,LightGBM,1,HvyAlcoholConsump,0.04894631997274767,13
dataset3,Heart Disease Health Indicators (BRFSS 2015),lightgbm,LightGBM,1,PhysHlth,0.04092933890612864,14
dataset3,Heart Disease Health Indicators (BRFSS 2015),lightgbm,LightGBM,1,Education,0.03806963234046721,15
dataset3,Heart Disease Health Indicators (BRFSS 2015),lightgbm,LightGBM,1,PhysActivity,0.03516036847260748,16
dataset3,Heart Disease Health Indicators (BRFSS 2015),lightgbm,LightGBM,1,MentHlth,0.034318380855057236,17
dataset3,Heart Disease Health Indicators (BRFSS 2015),lightgbm,LightGBM,1,Veggies,0.030547315134792342,18
dataset3,Heart Disease Health Indicators (BRFSS 2015),lightgbm,LightGBM,1,NoDocbcCost,0.02859940451573776,19
dataset3,Heart Disease Health Indicators (BRFSS 2015),lightgbm,LightGBM,1,Fruits,0.019023164495201084,20
dataset3,Heart Disease Health Indicators (BRFSS 2015),lightgbm,LightGBM,1,Diabetes_1_0,0.012111866785601229,21
dataset3,Heart Disease Health Indicators (BRFSS 2015),lightgbm,LightGBM,1,AnyHealthcare,0.005622552729556499,22
dataset3,Heart Disease Health Indicators (BRFSS 2015),lightgbm,LightGBM,2,Age,0.7478559861278332,1
dataset3,Heart Disease Health Indicators (BRFSS 2015),lightgbm,LightGBM,2,GenHlth,0.4665587274620291,2
dataset3,Heart Disease Health Indicators (BRFSS 2015),lightgbm,LightGBM,2,HighBP,0.37814309360674386,3
dataset3,Heart Disease Health Indicators (BRFSS 2015),lightgbm,LightGBM,2,Sex,0.34001739176004875,4
dataset3,Heart Disease Health Indicators (BRFSS 2015),lightgbm,LightGBM,2,HighChol,0.28297795214928656,5
dataset3,Heart Disease Health Indicators (BRFSS 2015),lightgbm,LightGBM,2,Smoker,0.19485431592177918,6
dataset3,Heart Disease Health Indicators (BRFSS 2015),lightgbm,LightGBM,2,DiffWalk,0.11821852125736386,7
dataset3,Heart Disease Health Indicators (BRFSS 2015),lightgbm,LightGBM,2,Stroke,0.10278955233738646,8
dataset3,Heart Disease Health Indicators (BRFSS 2015),lightgbm,LightGBM,2,Income,0.09735417572007746,9
dataset3,Heart Disease Health Indicators (BRFSS 2015),lightgbm,LightGBM,2,Diabetes_0_0,0.09407011580686342,10
dataset3,Heart Disease Health Indicators (BRFSS 2015),lightgbm,LightGBM,2,BMI,0.06253287241769097,11
dataset3,Heart Disease Health Indicators (BRFSS 2015),lightgbm,LightGBM,2,CholCheck,0.058770768904742414,12
dataset3,Heart Disease Health Indicators (BRFSS 2015),lightgbm,LightGBM,2,PhysHlth,0.05553473035414428,13
dataset3,Heart Disease Health Indicators (BRFSS 2015),lightgbm,LightGBM,2,NoDocbcCost,0.04450079670877139,14
dataset3,Heart Disease Health Indicators (BRFSS 2015),lightgbm,LightGBM,2,HvyAlcoholConsump,0.04379432379432546,15
dataset3,Heart Disease Health Indicators (BRFSS 2015),lightgbm,LightGBM,2,PhysActivity,0.03713841137069531,16
dataset3,Heart Disease Health Indicators (BRFSS 2015),lightgbm,LightGBM,2,MentHlth,0.03579722274718849,17
dataset3,Heart Disease Health Indicators (BRFSS 2015),lightgbm,LightGBM,2,Education,0.03237173487784755,18
dataset3,Heart Disease Health Indicators (BRFSS 2015),lightgbm,LightGBM,2,Fruits,0.022857109335766318,19
dataset3,Heart Disease Health Indicators (BRFSS 2015),lightgbm,LightGBM,2,Veggies,0.019922809854567725,20
dataset3,Heart Disease Health Indicators (BRFSS 2015),lightgbm,LightGBM,2,Diabetes_1_0,0.012868499097630524,21
dataset3,Heart Disease Health Indicators (BRFSS 2015),lightgbm,LightGBM,2,AnyHealthcare,0.008039206364524445,22
dataset3,Heart Disease Health Indicators (BRFSS 2015),lightgbm,LightGBM,3,Age,0.8089203076316106,1
dataset3,Heart Disease Health Indicators (BRFSS 2015),lightgbm,LightGBM,3,GenHlth,0.4148764341420559,2
dataset3,Heart Disease Health Indicators (BRFSS 2015),lightgbm,LightGBM,3,HighBP,0.3949428598767058,3
dataset3,Heart Disease Health Indicators (BRFSS 2015),lightgbm,LightGBM,3,Sex,0.33897119707677015,4
dataset3,Heart Disease Health Indicators (BRFSS 2015),lightgbm,LightGBM,3,HighChol,0.2948546012594542,5
dataset3,Heart Disease Health Indicators (BRFSS 2015),lightgbm,LightGBM,3,Smoker,0.17376015791105887,6
dataset3,Heart Disease Health Indicators (BRFSS 2015),lightgbm,LightGBM,3,DiffWalk,0.11786379865421596,7
dataset3,Heart Disease Health Indicators (BRFSS 2015),lightgbm,LightGBM,3,Diabetes_0_0,0.09711295043048257,8
dataset3,Heart Disease Health Indicators (BRFSS 2015),lightgbm,LightGBM,3,Income,0.0863277206874376,9
dataset3,Heart Disease Health Indicators (BRFSS 2015),lightgbm,LightGBM,3,Stroke,0.0824993182791657,10
dataset3,Heart Disease Health Indicators (BRFSS 2015),lightgbm,LightGBM,3,CholCheck,0.08130320745724587,11
dataset3,Heart Disease Health Indicators (BRFSS 2015),lightgbm,LightGBM,3,BMI,0.052570757937415766,12
dataset3,Heart Disease Health Indicators (BRFSS 2015),lightgbm,LightGBM,3,PhysHlth,0.049781584893981885,13
dataset3,Heart Disease Health Indicators (BRFSS 2015),lightgbm,LightGBM,3,Education,0.04493847388445321,14
dataset3,Heart Disease Health Indicators (BRFSS 2015),lightgbm,LightGBM,3,MentHlth,0.03885045866631356,15
dataset3,Heart Disease Health Indicators (BRFSS 2015),lightgbm,LightGBM,3,NoDocbcCost,0.033907931595901594,16
dataset3,Heart Disease Health Indicators (BRFSS 2015),lightgbm,LightGBM,3,HvyAlcoholConsump,0.03320836398829623,17
dataset3,Heart Disease Health Indicators (BRFSS 2015),lightgbm,LightGBM,3,PhysActivity,0.025678312674249196,18
dataset3,Heart Disease Health Indicators (BRFSS 2015),lightgbm,LightGBM,3,Fruits,0.01794899034304466,19
dataset3,Heart Disease Health Indicators (BRFSS 2015),lightgbm,LightGBM,3,Veggies,0.014545917987161514,20
dataset3,Heart Disease Health Indicators (BRFSS 2015),lightgbm,LightGBM,3,Diabetes_1_0,0.009666205359739822,21
dataset3,Heart Disease Health Indicators (BRFSS 2015),lightgbm,LightGBM,3,AnyHealthcare,0.0068950006097323515,22
dataset3,Heart Disease Health Indicators (BRFSS 2015),lightgbm,LightGBM,4,Age,0.7858020489735127,1
dataset3,Heart Disease Health Indicators (BRFSS 2015),lightgbm,LightGBM,4,GenHlth,0.4555898405015343,2
dataset3,Heart Disease Health Indicators (BRFSS 2015),lightgbm,LightGBM,4,HighBP,0.39143146062418593,3
dataset3,Heart Disease Health Indicators (BRFSS 2015),lightgbm,LightGBM,4,Sex,0.3538278564646268,4
dataset3,Heart Disease Health Indicators (BRFSS 2015),lightgbm,LightGBM,4,HighChol,0.2932122985950984,5
dataset3,Heart Disease Health Indicators (BRFSS 2015),lightgbm,LightGBM,4,Smoker,0.17304477722376496,6
dataset3,Heart Disease Health Indicators (BRFSS 2015),lightgbm,LightGBM,4,DiffWalk,0.13169822649041626,7
dataset3,Heart Disease Health Indicators (BRFSS 2015),lightgbm,LightGBM,4,Income,0.12012718469931055,8
dataset3,Heart Disease Health Indicators (BRFSS 2015),lightgbm,LightGBM,4,Diabetes_0_0,0.10359397621605002,9
dataset3,Heart Disease Health Indicators (BRFSS 2015),lightgbm,LightGBM,4,Stroke,0.08969828524983829,10
dataset3,Heart Disease Health Indicators (BRFSS 2015),lightgbm,LightGBM,4,BMI,0.06034599959504591,11
dataset3,Heart Disease Health Indicators (BRFSS 2015),lightgbm,LightGBM,4,PhysHlth,0.056561118900848945,12
dataset3,Heart Disease Health Indicators (BRFSS 2015),lightgbm,LightGBM,4,CholCheck,0.050335142553276785,13
dataset3,Heart Disease Health Indicators (BRFSS 2015),lightgbm,LightGBM,4,HvyAlcoholConsump,0.04726673844278536,14
dataset3,Heart Disease Health Indicators (BRFSS 2015),lightgbm,LightGBM,4,Education,0.037151966782315984,15
dataset3,Heart Disease Health Indicators (BRFSS 2015),lightgbm,LightGBM,4,NoDocbcCost,0.03674708360033727,16
dataset3,Heart Disease Health Indicators (BRFSS 2015),lightgbm,LightGBM,4,MentHlth,0.035560274809884114,17
dataset3,Heart Disease Health Indicators (BRFSS 2015),lightgbm,LightGBM,4,PhysActivity,0.034052066720021604,18
dataset3,Heart Disease Health Indicators (BRFSS 2015),lightgbm,LightGBM,4,Veggies,0.025576161257022542,19
dataset3,Heart Disease Health Indicators (BRFSS 2015),lightgbm,LightGBM,4,Fruits,0.019051711681042326,20
dataset3,Heart Disease Health Indicators (BRFSS 2015),lightgbm,LightGBM,4,AnyHealthcare,0.009211202078318288,21
dataset3,Heart Disease Health Indicators (BRFSS 2015),lightgbm,LightGBM,4,Diabetes_1_0,0.008649754638078629,22
dataset3,Heart Disease Health Indicators (BRFSS 2015),lightgbm,LightGBM,5,Age,0.809499960790705,1
dataset3,Heart Disease Health Indicators (BRFSS 2015),lightgbm,LightGBM,5,GenHlth,0.4754017238552651,2
dataset3,Heart Disease Health Indicators (BRFSS 2015),lightgbm,LightGBM,5,HighBP,0.3801641268282126,3
dataset3,Heart Disease Health Indicators (BRFSS 2015),lightgbm,LightGBM,5,Sex,0.32945006309290453,4
dataset3,Heart Disease Health Indicators (BRFSS 2015),lightgbm,LightGBM,5,HighChol,0.2855495379736901,5
dataset3,Heart Disease Health Indicators (BRFSS 2015),lightgbm,LightGBM,5,Smoker,0.17417592685862948,6
dataset3,Heart Disease Health Indicators (BRFSS 2015),lightgbm,LightGBM,5,Stroke,0.12654987355730093,7
dataset3,Heart Disease Health Indicators (BRFSS 2015),lightgbm,LightGBM,5,Income,0.11270205090312231,8
dataset3,Heart Disease Health Indicators (BRFSS 2015),lightgbm,LightGBM,5,DiffWalk,0.11235544779909697,9
dataset3,Heart Disease Health Indicators (BRFSS 2015),lightgbm,LightGBM,5,Diabetes_0_0,0.09148668744743917,10
dataset3,Heart Disease Health Indicators (BRFSS 2015),lightgbm,LightGBM,5,BMI,0.06469365427668365,11
dataset3,Heart Disease Health Indicators (BRFSS 2015),lightgbm,LightGBM,5,CholCheck,0.052128180824548294,12
dataset3,Heart Disease Health Indicators (BRFSS 2015),lightgbm,LightGBM,5,HvyAlcoholConsump,0.04408891374967027,13
dataset3,Heart Disease Health Indicators (BRFSS 2015),lightgbm,LightGBM,5,PhysHlth,0.04332604422178271,14
dataset3,Heart Disease Health Indicators (BRFSS 2015),lightgbm,LightGBM,5,NoDocbcCost,0.04286816284928567,15
dataset3,Heart Disease Health Indicators (BRFSS 2015),lightgbm,LightGBM,5,Fruits,0.035910799018823644,16
dataset3,Heart Disease Health Indicators (BRFSS 2015),lightgbm,LightGBM,5,PhysActivity,0.03537521811288008,17
dataset3,Heart Disease Health Indicators (BRFSS 2015),lightgbm,LightGBM,5,Education,0.03156971144122377,18
dataset3,Heart Disease Health Indicators (BRFSS 2015),lightgbm,LightGBM,5,MentHlth,0.030781281142801157,19
dataset3,Heart Disease Health Indicators (BRFSS 2015),lightgbm,LightGBM,5,Veggies,0.02022081923255047,20
dataset3,Heart Disease Health Indicators (BRFSS 2015),lightgbm,LightGBM,5,Diabetes_1_0,0.010453225591486955,21
dataset3,Heart Disease Health Indicators (BRFSS 2015),lightgbm,LightGBM,5,AnyHealthcare,0.00897396506406093,22
